{"version": "1", "message": "ERROR: Hidden Testcases server unreachable.", "problem_id": "ads2_m16_a1_1", "user_id": "Gayatri-Prathyusha", "score": {"sample": {"0": {"execution_time": 0.4418909549713135, "passed": true}, "1": {"execution_time": 0.41818809509277344, "passed": true}, "2": {"execution_time": 1.750333309173584, "passed": true}, "3": {"execution_time": 1.7673850059509277, "passed": true}, "4": {"execution_time": 1.729496955871582, "passed": true}, "5": {"execution_time": 1.7187368869781494, "passed": true}, "6": {"execution_time": 1.7005870342254639, "passed": true}, "7": {"execution_time": 1.7433369159698486, "passed": true}, "8": {"execution_time": 0.5851798057556152, "passed": true}, "9": {"execution_time": 1.7665910720825195, "passed": true}, "10": {"execution_time": 1.4830129146575928, "passed": true}, "11": {"execution_time": 4.800100803375244, "passed": true}, "12": {"execution_time": 1.7554481029510498, "passed": true}, "13": {"execution_time": 0.4034690856933594, "passed": true}, "14": {"execution_time": 2.0908610820770264, "passed": true}, "15": {"execution_time": 1.771742343902588, "passed": true}, "16": {"execution_time": 0.5185279846191406, "passed": true}, "17": {"execution_time": 0.5575759410858154, "passed": true}, "18": {"execution_time": 0.5209410190582275, "passed": true}, "19": {"execution_time": 0.5248699188232422, "passed": true}, "20": {"execution_time": 0.5891289710998535, "passed": true}, "21": {"execution_time": 0.5322527885437012, "passed": true}, "22": {"execution_time": 0.5380730628967285, "passed": true}, "23": {"execution_time": 0.5624599456787109, "passed": true}, "24": {"execution_time": 0.3323650360107422, "passed": true}, "25": {"execution_time": 1.8936688899993896, "passed": true}, "26": {"execution_time": 1.3742668628692627, "passed": true}, "27": {"execution_time": 2.128770112991333, "passed": true}, "28": {"execution_time": 3.6968250274658203, "passed": true}, "29": {"execution_time": 0.3934488296508789, "passed": true}}}, "check_style_score": "0/1"}