{"version": "1", "message": "ERROR: Hidden Testcases server unreachable.", "problem_id": "ads2_m16_a1_1", "user_id": "Gayatri-Prathyusha", "score": {"sample": {"0": {"execution_time": 0.4203450679779053, "passed": true}, "1": {"execution_time": 0.40856027603149414, "passed": true}, "2": {"execution_time": 1.7609732151031494, "passed": true}, "3": {"execution_time": 1.7235629558563232, "passed": true}, "4": {"execution_time": 1.7695128917694092, "passed": true}, "5": {"execution_time": 1.747164011001587, "passed": true}, "6": {"execution_time": 1.7538249492645264, "passed": true}, "7": {"execution_time": 1.7827801704406738, "passed": true}, "8": {"execution_time": 0.522960901260376, "passed": true}, "9": {"execution_time": 1.7521207332611084, "passed": true}, "10": {"execution_time": 1.71437406539917, "passed": true}, "11": {"execution_time": 5.51137113571167, "passed": true}, "12": {"execution_time": 2.4325881004333496, "passed": true}, "13": {"execution_time": 0.3667910099029541, "passed": true}, "14": {"execution_time": 2.005676031112671, "passed": true}, "15": {"execution_time": 2.639781951904297, "passed": true}, "16": {"execution_time": 1.159970760345459, "passed": true}, "17": {"execution_time": 0.5983481407165527, "passed": true}, "18": {"execution_time": 0.5660591125488281, "passed": true}, "19": {"execution_time": 0.5711081027984619, "passed": true}, "20": {"execution_time": 1.4034130573272705, "passed": true}, "21": {"execution_time": 0.5060012340545654, "passed": true}, "22": {"execution_time": 0.5119228363037109, "passed": true}, "23": {"execution_time": 0.5375638008117676, "passed": true}, "24": {"execution_time": 0.32453417778015137, "passed": true}, "25": {"execution_time": 3.6104021072387695, "passed": true}, "26": {"execution_time": 2.426062822341919, "passed": true}, "27": {"execution_time": 1.9198052883148193, "passed": true}, "28": {"execution_time": 6.6317009925842285, "passed": true}, "29": {"execution_time": 0.646765947341919, "passed": true}}}, "check_style_score": "0/1"}