{"version": "1", "message": "ERROR: Hidden Testcases server unreachable.", "problem_id": "ads2_m16_a1_1", "user_id": "Gayatri-Prathyusha", "score": {"sample": {"0": {"execution_time": 0.5240740776062012, "passed": true}, "1": {"execution_time": 0.4998800754547119, "passed": true}, "2": {"execution_time": 1.797607183456421, "passed": true}, "3": {"execution_time": 1.8123960494995117, "passed": true}, "4": {"execution_time": 2.0666658878326416, "passed": true}, "5": {"execution_time": 1.8931965827941895, "passed": true}, "6": {"execution_time": 1.7746529579162598, "passed": true}, "7": {"execution_time": 1.732654094696045, "passed": true}, "8": {"execution_time": 0.5389530658721924, "passed": true}, "9": {"execution_time": 1.6770570278167725, "passed": true}, "10": {"execution_time": 1.737116813659668, "passed": true}, "11": {"execution_time": 4.772343158721924, "passed": true}, "12": {"execution_time": 1.8021800518035889, "passed": true}, "13": {"execution_time": 0.34661221504211426, "passed": true}, "14": {"execution_time": 1.7055737972259521, "passed": true}, "15": {"execution_time": 1.7721858024597168, "passed": true}, "16": {"execution_time": 0.5112278461456299, "passed": true}, "17": {"execution_time": 0.49459409713745117, "passed": true}, "18": {"execution_time": 0.5724029541015625, "passed": true}, "19": {"execution_time": 0.5112209320068359, "passed": true}, "20": {"execution_time": 0.6441500186920166, "passed": true}, "21": {"execution_time": 0.48939085006713867, "passed": true}, "22": {"execution_time": 0.4997258186340332, "passed": true}, "23": {"execution_time": 0.5806031227111816, "passed": true}, "24": {"execution_time": 0.31738710403442383, "passed": true}, "25": {"execution_time": 1.8210039138793945, "passed": true}, "26": {"execution_time": 1.3741509914398193, "passed": true}, "27": {"execution_time": 1.834261178970337, "passed": true}, "28": {"execution_time": 3.43367075920105, "passed": true}, "29": {"execution_time": 0.35048675537109375, "passed": true}}}, "check_style_score": "0/1"}