{"version": "1", "message": "ERROR: Hidden Testcases server unreachable.", "problem_id": "ads2_m16_a1_1", "user_id": "Gayatri-Prathyusha", "score": {"sample": {"0": {"execution_time": 0.514246940612793, "passed": true}, "1": {"execution_time": 0.4548060894012451, "passed": true}, "2": {"execution_time": 1.736889123916626, "passed": true}, "3": {"execution_time": 1.784458875656128, "passed": true}, "4": {"execution_time": 1.7693839073181152, "passed": true}, "5": {"execution_time": 1.7918107509613037, "passed": true}, "6": {"execution_time": 1.8185420036315918, "passed": true}, "7": {"execution_time": 1.8086769580841064, "passed": true}, "8": {"execution_time": 0.6012609004974365, "passed": true}, "9": {"execution_time": 1.8325378894805908, "passed": true}, "10": {"execution_time": 1.804197072982788, "passed": true}, "11": {"execution_time": 4.789427995681763, "passed": true}, "12": {"execution_time": 1.80466890335083, "passed": true}, "13": {"execution_time": 0.36646103858947754, "passed": true}, "14": {"execution_time": 1.7953438758850098, "passed": true}, "15": {"execution_time": 2.0005640983581543, "passed": true}, "16": {"execution_time": 0.533132791519165, "passed": true}, "17": {"execution_time": 0.5097160339355469, "passed": true}, "18": {"execution_time": 0.5938220024108887, "passed": true}, "19": {"execution_time": 0.545428991317749, "passed": true}, "20": {"execution_time": 0.6817607879638672, "passed": true}, "21": {"execution_time": 0.5300302505493164, "passed": true}, "22": {"execution_time": 0.5929043292999268, "passed": true}, "23": {"execution_time": 0.5242297649383545, "passed": true}, "24": {"execution_time": 0.3564729690551758, "passed": true}, "25": {"execution_time": 1.8986852169036865, "passed": true}, "26": {"execution_time": 1.3463690280914307, "passed": true}, "27": {"execution_time": 2.4364371299743652, "passed": true}, "28": {"execution_time": 3.4598500728607178, "passed": true}, "29": {"execution_time": 0.37287282943725586, "passed": true}}}, "check_style_score": "0/1"}