{"version": "1", "message": "ERROR: Hidden Testcases server unreachable.", "problem_id": "ads2_m16_a1_1", "user_id": "Gayatri-Prathyusha", "score": {"sample": {"0": {"execution_time": 0.4749641418457031, "passed": false}, "1": {"execution_time": 0.5256209373474121, "passed": false}, "2": {"execution_time": 1.7124109268188477, "passed": false}, "3": {"execution_time": 1.734990119934082, "passed": false}, "4": {"execution_time": 1.6992871761322021, "passed": false}, "5": {"execution_time": 1.684601068496704, "passed": false}, "6": {"execution_time": 1.6764228343963623, "passed": false}, "7": {"execution_time": 1.72409987449646, "passed": false}, "8": {"execution_time": 0.5016839504241943, "passed": false}, "9": {"execution_time": 1.672713041305542, "passed": false}, "10": {"execution_time": 1.6912810802459717, "passed": false}, "11": {"execution_time": 0.29051899909973145, "passed": false}, "12": {"execution_time": 1.7508070468902588, "passed": false}, "13": {"execution_time": 0.3733241558074951, "passed": false}, "14": {"execution_time": 1.712324857711792, "passed": false}, "15": {"execution_time": 1.6991589069366455, "passed": false}, "16": {"execution_time": 0.49408984184265137, "passed": false}, "17": {"execution_time": 0.4907801151275635, "passed": false}, "18": {"execution_time": 0.4794790744781494, "passed": false}, "19": {"execution_time": 0.5154540538787842, "passed": false}, "20": {"execution_time": 0.5026531219482422, "passed": false}, "21": {"execution_time": 0.4837379455566406, "passed": false}, "22": {"execution_time": 0.4960029125213623, "passed": false}, "23": {"execution_time": 0.49901580810546875, "passed": false}, "24": {"execution_time": 0.3105010986328125, "passed": false}, "25": {"execution_time": 1.715742826461792, "passed": false}, "26": {"execution_time": 1.200430154800415, "passed": false}, "27": {"execution_time": 1.6761889457702637, "passed": false}, "28": {"execution_time": 4.079951047897339, "passed": false}, "29": {"execution_time": 0.3236517906188965, "passed": true}}}, "check_style_score": "0/1"}