{"version": "1", "message": "ERROR: Hidden Testcases server unreachable.", "problem_id": "ads2_m16_a1_1", "user_id": "Gayatri-Prathyusha", "score": {"sample": {"0": {"execution_time": 0.4312279224395752, "passed": false}, "1": {"execution_time": 0.39275693893432617, "passed": false}, "2": {"execution_time": 1.755552053451538, "passed": false}, "3": {"execution_time": 1.7265238761901855, "passed": false}, "4": {"execution_time": 1.786592960357666, "passed": false}, "5": {"execution_time": 1.5647838115692139, "passed": false}, "6": {"execution_time": 1.7877488136291504, "passed": false}, "7": {"execution_time": 1.8784019947052002, "passed": false}, "8": {"execution_time": 0.594348669052124, "passed": false}, "9": {"execution_time": 1.9059131145477295, "passed": false}, "10": {"execution_time": 1.7718617916107178, "passed": false}, "11": {"execution_time": 0.2962179183959961, "passed": false}, "12": {"execution_time": 1.787174940109253, "passed": false}, "13": {"execution_time": 0.36658215522766113, "passed": false}, "14": {"execution_time": 1.777919054031372, "passed": false}, "15": {"execution_time": 1.8039979934692383, "passed": false}, "16": {"execution_time": 0.5141510963439941, "passed": false}, "17": {"execution_time": 0.5239169597625732, "passed": false}, "18": {"execution_time": 0.5139532089233398, "passed": false}, "19": {"execution_time": 0.5095579624176025, "passed": false}, "20": {"execution_time": 0.4996168613433838, "passed": false}, "21": {"execution_time": 0.5349440574645996, "passed": false}, "22": {"execution_time": 0.5938150882720947, "passed": false}, "23": {"execution_time": 0.5592021942138672, "passed": false}, "24": {"execution_time": 0.4208869934082031, "passed": false}, "25": {"execution_time": 1.9616172313690186, "passed": false}, "26": {"execution_time": 1.5048930644989014, "passed": false}, "27": {"execution_time": 2.0768539905548096, "passed": false}, "28": {"execution_time": 5.658013105392456, "passed": false}, "29": {"execution_time": 0.4190709590911865, "passed": true}}}, "check_style_score": "0/1"}