{"version": "1", "message": "ERROR: Hidden Testcases server unreachable.", "problem_id": "ads2_m16_a1_1", "user_id": "Gayatri-Prathyusha", "score": {"sample": {"0": {"execution_time": 0.36954689025878906, "passed": true}, "1": {"execution_time": 0.36959218978881836, "passed": true}, "2": {"execution_time": 0.8996827602386475, "passed": true}, "3": {"execution_time": 0.8836650848388672, "passed": true}, "4": {"execution_time": 0.8931128978729248, "passed": true}, "5": {"execution_time": 0.9114980697631836, "passed": true}, "6": {"execution_time": 0.8886580467224121, "passed": true}, "7": {"execution_time": 0.9082190990447998, "passed": true}, "8": {"execution_time": 0.46765899658203125, "passed": true}, "9": {"execution_time": 0.8947536945343018, "passed": true}, "10": {"execution_time": 0.8668169975280762, "passed": true}, "11": {"execution_time": 4.661918878555298, "passed": true}, "12": {"execution_time": 0.9245340824127197, "passed": true}, "13": {"execution_time": 0.33142876625061035, "passed": true}, "14": {"execution_time": 0.8695931434631348, "passed": true}, "15": {"execution_time": 0.9166021347045898, "passed": true}, "16": {"execution_time": 0.4455530643463135, "passed": true}, "17": {"execution_time": 0.4533519744873047, "passed": true}, "18": {"execution_time": 0.42229413986206055, "passed": true}, "19": {"execution_time": 0.47605395317077637, "passed": true}, "20": {"execution_time": 0.5416641235351562, "passed": true}, "21": {"execution_time": 0.41757893562316895, "passed": true}, "22": {"execution_time": 0.4174480438232422, "passed": true}, "23": {"execution_time": 0.4495809078216553, "passed": true}, "24": {"execution_time": 0.3168058395385742, "passed": true}, "25": {"execution_time": 0.9606351852416992, "passed": true}, "26": {"execution_time": 0.8043851852416992, "passed": true}, "27": {"execution_time": 0.9417669773101807, "passed": true}, "28": {"execution_time": 1.3487279415130615, "passed": true}, "29": {"execution_time": 0.3260033130645752, "passed": false}}}, "check_style_score": "0/1"}