{"version": "1", "message": "ERROR: Hidden Testcases server unreachable.", "problem_id": "ads2_m16_a1_1", "user_id": "Gayatri-Prathyusha", "score": {"sample": {"0": {"execution_time": 0.4274749755859375, "passed": true}, "1": {"execution_time": 0.38719701766967773, "passed": true}, "2": {"execution_time": 1.70247483253479, "passed": true}, "3": {"execution_time": 1.7154967784881592, "passed": true}, "4": {"execution_time": 1.725113868713379, "passed": true}, "5": {"execution_time": 1.796402931213379, "passed": true}, "6": {"execution_time": 1.8279197216033936, "passed": true}, "7": {"execution_time": 1.7800838947296143, "passed": true}, "8": {"execution_time": 0.5947830677032471, "passed": true}, "9": {"execution_time": 1.7838830947875977, "passed": true}, "10": {"execution_time": 1.7161569595336914, "passed": true}, "11": {"execution_time": 4.6929521560668945, "passed": true}, "12": {"execution_time": 1.7358319759368896, "passed": true}, "13": {"execution_time": 0.3490591049194336, "passed": true}, "14": {"execution_time": 1.7134180068969727, "passed": true}, "15": {"execution_time": 1.7216119766235352, "passed": true}, "16": {"execution_time": 0.5077550411224365, "passed": true}, "17": {"execution_time": 0.557499885559082, "passed": true}, "18": {"execution_time": 0.5067100524902344, "passed": true}, "19": {"execution_time": 0.5569841861724854, "passed": true}, "20": {"execution_time": 0.6486618518829346, "passed": true}, "21": {"execution_time": 0.5080821514129639, "passed": true}, "22": {"execution_time": 0.5090711116790771, "passed": true}, "23": {"execution_time": 0.5869059562683105, "passed": true}, "24": {"execution_time": 0.32701897621154785, "passed": true}, "25": {"execution_time": 1.8291420936584473, "passed": true}, "26": {"execution_time": 1.3490848541259766, "passed": true}, "27": {"execution_time": 1.7910189628601074, "passed": true}, "28": {"execution_time": 3.7975423336029053, "passed": true}, "29": {"execution_time": 0.3882009983062744, "passed": true}}}, "check_style_score": "0/1"}