{"version": "1", "message": "ERROR: Hidden Testcases server unreachable.", "problem_id": "ads2_m16_a1_1", "user_id": "Gayatri-Prathyusha", "score": {"sample": {"0": {"execution_time": 0.4239380359649658, "passed": true}, "1": {"execution_time": 0.40058016777038574, "passed": true}, "2": {"execution_time": 0.9804191589355469, "passed": true}, "3": {"execution_time": 0.8292248249053955, "passed": true}, "4": {"execution_time": 0.8687479496002197, "passed": true}, "5": {"execution_time": 0.826275110244751, "passed": true}, "6": {"execution_time": 0.9026761054992676, "passed": true}, "7": {"execution_time": 0.9240729808807373, "passed": true}, "8": {"execution_time": 0.452103853225708, "passed": true}, "9": {"execution_time": 0.8827090263366699, "passed": true}, "10": {"execution_time": 0.8678498268127441, "passed": true}, "11": {"execution_time": 5.078892946243286, "passed": true}, "12": {"execution_time": 1.2377429008483887, "passed": true}, "13": {"execution_time": 0.3564319610595703, "passed": true}, "14": {"execution_time": 0.9914631843566895, "passed": true}, "15": {"execution_time": 0.8977468013763428, "passed": true}, "16": {"execution_time": 0.45768094062805176, "passed": true}, "17": {"execution_time": 0.446181058883667, "passed": true}, "18": {"execution_time": 0.49221181869506836, "passed": true}, "19": {"execution_time": 0.45458507537841797, "passed": true}, "20": {"execution_time": 0.5744080543518066, "passed": true}, "21": {"execution_time": 0.43686604499816895, "passed": true}, "22": {"execution_time": 0.4299142360687256, "passed": true}, "23": {"execution_time": 0.5115957260131836, "passed": true}, "24": {"execution_time": 0.3129570484161377, "passed": true}, "25": {"execution_time": 1.0702810287475586, "passed": true}, "26": {"execution_time": 0.7867720127105713, "passed": true}, "27": {"execution_time": 1.01869797706604, "passed": true}, "28": {"execution_time": 1.3369059562683105, "passed": true}, "29": {"execution_time": 0.3037869930267334, "passed": true}}}, "check_style_score": "0/1"}