{"version": "1", "message": "ERROR: Hidden Testcases server unreachable.", "problem_id": "ads2_m16_a1_1", "user_id": "Gayatri-Prathyusha", "score": {"sample": {"0": {"execution_time": 1.707624912261963, "passed": true}, "1": {"execution_time": 1.7444748878479004, "passed": true}, "2": {"execution_time": 3.6601269245147705, "passed": true}, "3": {"execution_time": 3.09486722946167, "passed": true}, "4": {"execution_time": 3.3851077556610107, "passed": true}, "5": {"execution_time": 3.1908938884735107, "passed": true}, "6": {"execution_time": 3.084667205810547, "passed": true}, "7": {"execution_time": 2.98691987991333, "passed": true}, "8": {"execution_time": 1.7668142318725586, "passed": true}, "9": {"execution_time": 1.7160320281982422, "passed": true}, "10": {"execution_time": 1.702125072479248, "passed": true}, "11": {"execution_time": 3.476361036300659, "passed": true}, "12": {"execution_time": 3.021679162979126, "passed": true}, "13": {"execution_time": 1.3363878726959229, "passed": true}, "14": {"execution_time": 1.6968660354614258, "passed": true}, "15": {"execution_time": 10.105841159820557, "passed": false}, "16": {"execution_time": 1.690769910812378, "passed": true}, "17": {"execution_time": 1.682420015335083, "passed": true}, "18": {"execution_time": 1.6592919826507568, "passed": true}, "19": {"execution_time": 10.02468991279602, "passed": false}, "20": {"execution_time": 10.029060125350952, "passed": false}, "21": {"execution_time": 0.4852750301361084, "passed": true}, "22": {"execution_time": 0.5132319927215576, "passed": true}, "23": {"execution_time": 10.033957958221436, "passed": false}, "24": {"execution_time": 1.3485429286956787, "passed": true}, "25": {"execution_time": 10.107896089553833, "passed": false}, "26": {"execution_time": 10.10308027267456, "passed": false}, "27": {"execution_time": 10.111423969268799, "passed": false}, "28": {"execution_time": 10.149967908859253, "passed": false}, "29": {"execution_time": 0.36391496658325195, "passed": false}}}, "check_style_score": "0/1"}