{"version": "1", "message": "ERROR: Hidden Testcases server unreachable.", "problem_id": "ads2_m16_a1_1", "user_id": "Gayatri-Prathyusha", "score": {"sample": {"0": {"execution_time": 0.4282350540161133, "passed": true}, "1": {"execution_time": 0.4167602062225342, "passed": true}, "2": {"execution_time": 1.6195640563964844, "passed": true}, "3": {"execution_time": 1.7849762439727783, "passed": true}, "4": {"execution_time": 1.794240951538086, "passed": true}, "5": {"execution_time": 1.8592510223388672, "passed": true}, "6": {"execution_time": 1.6095287799835205, "passed": true}, "7": {"execution_time": 1.863746166229248, "passed": true}, "8": {"execution_time": 0.5261099338531494, "passed": true}, "9": {"execution_time": 1.7450470924377441, "passed": true}, "10": {"execution_time": 1.6984000205993652, "passed": true}, "11": {"execution_time": 4.718963146209717, "passed": true}, "12": {"execution_time": 1.7575609683990479, "passed": true}, "13": {"execution_time": 0.38619327545166016, "passed": true}, "14": {"execution_time": 1.8061189651489258, "passed": true}, "15": {"execution_time": 1.8317451477050781, "passed": true}, "16": {"execution_time": 0.5041871070861816, "passed": true}, "17": {"execution_time": 0.5282800197601318, "passed": true}, "18": {"execution_time": 0.5797381401062012, "passed": true}, "19": {"execution_time": 0.5832650661468506, "passed": true}, "20": {"execution_time": 0.6451120376586914, "passed": true}, "21": {"execution_time": 0.6238341331481934, "passed": true}, "22": {"execution_time": 0.5464560985565186, "passed": true}, "23": {"execution_time": 0.5691690444946289, "passed": true}, "24": {"execution_time": 0.3609578609466553, "passed": true}, "25": {"execution_time": 2.047178030014038, "passed": true}, "26": {"execution_time": 1.5989031791687012, "passed": true}, "27": {"execution_time": 2.0234880447387695, "passed": true}, "28": {"execution_time": 4.775014877319336, "passed": true}, "29": {"execution_time": 0.38144898414611816, "passed": false}}}, "check_style_score": "0/1"}