{"version": "1", "message": "ERROR: Hidden Testcases server unreachable.", "problem_id": "ads2_m16_a1_1", "user_id": "Gayatri-Prathyusha", "score": {"sample": {"0": {"execution_time": 0.4617888927459717, "passed": true}, "1": {"execution_time": 0.4189012050628662, "passed": true}, "2": {"execution_time": 1.8668467998504639, "passed": true}, "3": {"execution_time": 1.7610938549041748, "passed": true}, "4": {"execution_time": 1.7479259967803955, "passed": true}, "5": {"execution_time": 1.592005729675293, "passed": true}, "6": {"execution_time": 1.7524211406707764, "passed": true}, "7": {"execution_time": 1.770831823348999, "passed": true}, "8": {"execution_time": 0.5396852493286133, "passed": true}, "9": {"execution_time": 1.7849788665771484, "passed": true}, "10": {"execution_time": 1.785154104232788, "passed": true}, "11": {"execution_time": 4.65332818031311, "passed": true}, "12": {"execution_time": 1.7718629837036133, "passed": true}, "13": {"execution_time": 0.38973116874694824, "passed": true}, "14": {"execution_time": 1.764930009841919, "passed": true}, "15": {"execution_time": 1.806614637374878, "passed": true}, "16": {"execution_time": 0.5221083164215088, "passed": true}, "17": {"execution_time": 0.48700785636901855, "passed": true}, "18": {"execution_time": 0.5925378799438477, "passed": true}, "19": {"execution_time": 0.566399097442627, "passed": true}, "20": {"execution_time": 0.6933650970458984, "passed": true}, "21": {"execution_time": 0.49702906608581543, "passed": true}, "22": {"execution_time": 0.5086019039154053, "passed": true}, "23": {"execution_time": 0.611149787902832, "passed": true}, "24": {"execution_time": 0.32832813262939453, "passed": true}, "25": {"execution_time": 1.8829009532928467, "passed": true}, "26": {"execution_time": 1.4074490070343018, "passed": true}, "27": {"execution_time": 1.9041390419006348, "passed": true}, "28": {"execution_time": 4.275507926940918, "passed": true}, "29": {"execution_time": 0.34488701820373535, "passed": true}}}, "check_style_score": "0/1"}