{"version": "1", "message": "ERROR: Hidden Testcases server unreachable.", "problem_id": "ads2_m16_a1_1", "user_id": "Gayatri-Prathyusha", "score": {"sample": {"0": {"execution_time": 0.46037817001342773, "passed": true}, "1": {"execution_time": 0.4329800605773926, "passed": true}, "2": {"execution_time": 1.8126420974731445, "passed": true}, "3": {"execution_time": 1.8217148780822754, "passed": true}, "4": {"execution_time": 1.8046112060546875, "passed": true}, "5": {"execution_time": 1.8047871589660645, "passed": true}, "6": {"execution_time": 2.0846810340881348, "passed": true}, "7": {"execution_time": 2.0582568645477295, "passed": true}, "8": {"execution_time": 0.5289866924285889, "passed": true}, "9": {"execution_time": 1.750290870666504, "passed": true}, "10": {"execution_time": 1.843836784362793, "passed": true}, "11": {"execution_time": 4.807639122009277, "passed": true}, "12": {"execution_time": 1.7716889381408691, "passed": true}, "13": {"execution_time": 0.3718569278717041, "passed": true}, "14": {"execution_time": 1.7702789306640625, "passed": true}, "15": {"execution_time": 2.141814947128296, "passed": true}, "16": {"execution_time": 0.5307059288024902, "passed": true}, "17": {"execution_time": 0.5273027420043945, "passed": true}, "18": {"execution_time": 0.5902912616729736, "passed": true}, "19": {"execution_time": 0.5673599243164062, "passed": true}, "20": {"execution_time": 0.6052768230438232, "passed": true}, "21": {"execution_time": 0.5857570171356201, "passed": true}, "22": {"execution_time": 0.5111238956451416, "passed": true}, "23": {"execution_time": 0.5306651592254639, "passed": true}, "24": {"execution_time": 0.44594812393188477, "passed": true}, "25": {"execution_time": 1.8805890083312988, "passed": true}, "26": {"execution_time": 1.3532671928405762, "passed": true}, "27": {"execution_time": 2.193671226501465, "passed": true}, "28": {"execution_time": 3.940322160720825, "passed": true}, "29": {"execution_time": 0.3969721794128418, "passed": true}}}, "check_style_score": "0/1"}