{"version": "1", "message": "ERROR: Hidden Testcases server unreachable.", "problem_id": "ads2_m2_a1_1", "user_id": "Gayatri-Prathyusha", "score": {"sample": {"0": {"execution_time": 0.2994999885559082, "passed": true}, "1": {"execution_time": 0.25526928901672363, "passed": true}, "2": {"execution_time": 0.23789191246032715, "passed": false}, "3": {"execution_time": 0.24662089347839355, "passed": true}, "4": {"execution_time": 0.2458512783050537, "passed": false}, "5": {"execution_time": 0.23444366455078125, "passed": true}, "6": {"execution_time": 0.23943328857421875, "passed": false}, "7": {"execution_time": 0.23587298393249512, "passed": false}, "8": {"execution_time": 0.23607182502746582, "passed": false}, "9": {"execution_time": 0.2937920093536377, "passed": false}, "10": {"execution_time": 0.24728703498840332, "passed": false}, "11": {"execution_time": 0.23807001113891602, "passed": false}, "12": {"execution_time": 0.24019479751586914, "passed": false}, "13": {"execution_time": 0.24160265922546387, "passed": true}, "14": {"execution_time": 0.2402341365814209, "passed": false}, "15": {"execution_time": 0.2581799030303955, "passed": true}, "16": {"execution_time": 0.27211618423461914, "passed": false}, "17": {"execution_time": 0.3385426998138428, "passed": false}, "18": {"execution_time": 0.2968449592590332, "passed": false}, "19": {"execution_time": 0.3172440528869629, "passed": false}, "20": {"execution_time": 0.32757997512817383, "passed": false}, "21": {"execution_time": 0.2402501106262207, "passed": false}, "22": {"execution_time": 0.3672771453857422, "passed": false}, "23": {"execution_time": 0.41173577308654785, "passed": false}}}, "check_style_score": "0/1"}