{"version": "1", "message": "ERROR: Hidden Testcases server unreachable.", "problem_id": "ads2_m2_a1_1", "user_id": "Gayatri-Prathyusha", "score": {"sample": {"0": {"execution_time": 0.3335909843444824, "passed": true}, "1": {"execution_time": 0.23923015594482422, "passed": true}, "2": {"execution_time": 0.28035998344421387, "passed": false}, "3": {"execution_time": 0.2854747772216797, "passed": true}, "4": {"execution_time": 0.2460489273071289, "passed": false}, "5": {"execution_time": 0.24094629287719727, "passed": true}, "6": {"execution_time": 0.23838400840759277, "passed": false}, "7": {"execution_time": 0.24741387367248535, "passed": false}, "8": {"execution_time": 0.24585700035095215, "passed": false}, "9": {"execution_time": 0.2682039737701416, "passed": false}, "10": {"execution_time": 0.24470305442810059, "passed": false}, "11": {"execution_time": 0.25783777236938477, "passed": false}, "12": {"execution_time": 0.24603486061096191, "passed": false}, "13": {"execution_time": 0.23965001106262207, "passed": true}, "14": {"execution_time": 0.27445507049560547, "passed": false}, "15": {"execution_time": 0.25824403762817383, "passed": true}, "16": {"execution_time": 0.26467370986938477, "passed": false}, "17": {"execution_time": 0.3373408317565918, "passed": false}, "18": {"execution_time": 0.2915933132171631, "passed": false}, "19": {"execution_time": 0.39998817443847656, "passed": false}, "20": {"execution_time": 0.3578658103942871, "passed": false}, "21": {"execution_time": 0.3059251308441162, "passed": false}, "22": {"execution_time": 0.3466770648956299, "passed": false}, "23": {"execution_time": 0.3630979061126709, "passed": false}}}, "check_style_score": "0/1"}