{"version": "1", "message": "ERROR: Hidden Testcases server unreachable.", "problem_id": "ads2_m2_a1_1", "user_id": "Gayatri-Prathyusha", "score": {"sample": {"0": {"execution_time": 0.31733083724975586, "passed": true}, "1": {"execution_time": 0.2480170726776123, "passed": true}, "2": {"execution_time": 0.2473149299621582, "passed": true}, "3": {"execution_time": 0.23389887809753418, "passed": true}, "4": {"execution_time": 0.24297499656677246, "passed": true}, "5": {"execution_time": 0.23438811302185059, "passed": true}, "6": {"execution_time": 0.2586660385131836, "passed": true}, "7": {"execution_time": 0.294605016708374, "passed": true}, "8": {"execution_time": 0.23234081268310547, "passed": true}, "9": {"execution_time": 0.24782991409301758, "passed": true}, "10": {"execution_time": 0.23524093627929688, "passed": true}, "11": {"execution_time": 0.23669195175170898, "passed": true}, "12": {"execution_time": 0.22805309295654297, "passed": true}, "13": {"execution_time": 0.2291550636291504, "passed": true}, "14": {"execution_time": 0.25368595123291016, "passed": true}, "15": {"execution_time": 0.2796671390533447, "passed": true}, "16": {"execution_time": 0.31108593940734863, "passed": true}, "17": {"execution_time": 0.3292250633239746, "passed": true}, "18": {"execution_time": 0.29734134674072266, "passed": true}, "19": {"execution_time": 0.31240391731262207, "passed": true}, "20": {"execution_time": 0.3488619327545166, "passed": true}, "21": {"execution_time": 0.24306678771972656, "passed": true}, "22": {"execution_time": 0.37961792945861816, "passed": true}, "23": {"execution_time": 0.39450788497924805, "passed": true}}}, "check_style_score": "0/1"}