{"version": "1", "message": "ERROR: Hidden Testcases server unreachable.", "problem_id": "ads2_m2_a1_1", "user_id": "Gayatri-Prathyusha", "score": {"sample": {"0": {"execution_time": 0.5299789905548096, "passed": true}, "1": {"execution_time": 0.4911479949951172, "passed": true}, "2": {"execution_time": 0.5034611225128174, "passed": true}, "3": {"execution_time": 0.44861507415771484, "passed": true}, "4": {"execution_time": 0.4507310390472412, "passed": true}, "5": {"execution_time": 0.447343111038208, "passed": true}, "6": {"execution_time": 0.454819917678833, "passed": true}, "7": {"execution_time": 0.4512138366699219, "passed": true}, "8": {"execution_time": 0.45569705963134766, "passed": true}, "9": {"execution_time": 0.4530339241027832, "passed": true}, "10": {"execution_time": 0.5036659240722656, "passed": true}, "11": {"execution_time": 0.4503490924835205, "passed": true}, "12": {"execution_time": 0.44807910919189453, "passed": true}, "13": {"execution_time": 0.45902585983276367, "passed": true}, "14": {"execution_time": 0.4473097324371338, "passed": true}, "15": {"execution_time": 0.47389912605285645, "passed": true}, "16": {"execution_time": 0.487962007522583, "passed": true}, "17": {"execution_time": 0.6076419353485107, "passed": true}, "18": {"execution_time": 0.5430910587310791, "passed": true}, "19": {"execution_time": 0.666165828704834, "passed": true}, "20": {"execution_time": 0.6182570457458496, "passed": true}, "21": {"execution_time": 0.45259904861450195, "passed": true}, "22": {"execution_time": 0.8012940883636475, "passed": true}, "23": {"execution_time": 0.6549839973449707, "passed": true}}}, "check_style_score": "0/1"}