{"version": "1", "message": "ERROR: Hidden Testcases server unreachable.", "problem_id": "ads2_m2_a1_1", "user_id": "Gayatri-Prathyusha", "score": {"sample": {"0": {"execution_time": 0.2868678569793701, "passed": false}, "1": {"execution_time": 0.27309417724609375, "passed": false}, "2": {"execution_time": 0.2492051124572754, "passed": false}, "3": {"execution_time": 0.23891592025756836, "passed": false}, "4": {"execution_time": 0.24169492721557617, "passed": false}, "5": {"execution_time": 0.24070501327514648, "passed": false}, "6": {"execution_time": 0.23248696327209473, "passed": false}, "7": {"execution_time": 0.24201607704162598, "passed": false}, "8": {"execution_time": 0.23041200637817383, "passed": false}, "9": {"execution_time": 0.23417115211486816, "passed": false}, "10": {"execution_time": 0.23033499717712402, "passed": false}, "11": {"execution_time": 0.2320568561553955, "passed": false}, "12": {"execution_time": 0.23279190063476562, "passed": false}, "13": {"execution_time": 0.2290480136871338, "passed": false}, "14": {"execution_time": 0.2666192054748535, "passed": false}, "15": {"execution_time": 0.2627432346343994, "passed": false}, "16": {"execution_time": 0.25518798828125, "passed": false}, "17": {"execution_time": 0.2967498302459717, "passed": false}, "18": {"execution_time": 0.2774930000305176, "passed": false}, "19": {"execution_time": 0.32231903076171875, "passed": false}, "20": {"execution_time": 0.32300496101379395, "passed": false}, "21": {"execution_time": 0.24919700622558594, "passed": false}, "22": {"execution_time": 0.3598170280456543, "passed": false}, "23": {"execution_time": 0.3655369281768799, "passed": false}}}, "check_style_score": "0/1"}