{"version": "1", "message": "ERROR: Hidden Testcases server unreachable.", "problem_id": "ads2_m2_a1_1", "user_id": "Gayatri-Prathyusha", "score": {"sample": {"0": {"execution_time": 0.2741060256958008, "passed": true}, "1": {"execution_time": 0.2510380744934082, "passed": true}, "2": {"execution_time": 0.2326371669769287, "passed": true}, "3": {"execution_time": 0.24480080604553223, "passed": true}, "4": {"execution_time": 0.23267698287963867, "passed": true}, "5": {"execution_time": 0.2381141185760498, "passed": true}, "6": {"execution_time": 0.2298879623413086, "passed": true}, "7": {"execution_time": 0.23047661781311035, "passed": true}, "8": {"execution_time": 0.2313070297241211, "passed": true}, "9": {"execution_time": 0.23421812057495117, "passed": true}, "10": {"execution_time": 0.22729802131652832, "passed": true}, "11": {"execution_time": 0.23746299743652344, "passed": true}, "12": {"execution_time": 0.24802184104919434, "passed": true}, "13": {"execution_time": 0.23109197616577148, "passed": true}, "14": {"execution_time": 0.23894238471984863, "passed": true}, "15": {"execution_time": 0.25804996490478516, "passed": true}, "16": {"execution_time": 0.276256799697876, "passed": true}, "17": {"execution_time": 0.3193380832672119, "passed": true}, "18": {"execution_time": 0.28286004066467285, "passed": true}, "19": {"execution_time": 0.3151838779449463, "passed": true}, "20": {"execution_time": 0.3173668384552002, "passed": true}, "21": {"execution_time": 0.24632501602172852, "passed": true}, "22": {"execution_time": 0.3594338893890381, "passed": true}, "23": {"execution_time": 0.35694265365600586, "passed": true}}}, "check_style_score": "0/1"}