{"version": "1", "message": "ERROR: Hidden Testcases server unreachable.", "problem_id": "ads2_m2_a1_1", "user_id": "Gayatri-Prathyusha", "score": {"sample": {"0": {"execution_time": 0.31108927726745605, "passed": true}, "1": {"execution_time": 0.25853705406188965, "passed": true}, "2": {"execution_time": 0.2781240940093994, "passed": true}, "3": {"execution_time": 0.3019390106201172, "passed": true}, "4": {"execution_time": 0.24892115592956543, "passed": true}, "5": {"execution_time": 0.282684326171875, "passed": true}, "6": {"execution_time": 0.22527503967285156, "passed": true}, "7": {"execution_time": 0.28418707847595215, "passed": true}, "8": {"execution_time": 0.32524800300598145, "passed": true}, "9": {"execution_time": 0.260714054107666, "passed": true}, "10": {"execution_time": 0.2233142852783203, "passed": true}, "11": {"execution_time": 0.24091792106628418, "passed": true}, "12": {"execution_time": 0.24031519889831543, "passed": true}, "13": {"execution_time": 0.324066162109375, "passed": true}, "14": {"execution_time": 0.23763203620910645, "passed": true}, "15": {"execution_time": 0.25740504264831543, "passed": true}, "16": {"execution_time": 0.2821810245513916, "passed": true}, "17": {"execution_time": 0.3036839962005615, "passed": true}, "18": {"execution_time": 0.281782865524292, "passed": true}, "19": {"execution_time": 0.30565404891967773, "passed": true}, "20": {"execution_time": 0.31902194023132324, "passed": true}, "21": {"execution_time": 0.2327098846435547, "passed": true}, "22": {"execution_time": 0.3772861957550049, "passed": true}, "23": {"execution_time": 0.3627147674560547, "passed": true}}}, "check_style_score": "0/1"}