{"version": "1", "message": "ERROR: Hidden Testcases server unreachable.", "problem_id": "ads2_m2_a1_1", "user_id": "Gayatri-Prathyusha", "score": {"sample": {"0": {"execution_time": 0.2664167881011963, "passed": true}, "1": {"execution_time": 0.2570991516113281, "passed": true}, "2": {"execution_time": 0.27542781829833984, "passed": false}, "3": {"execution_time": 0.2332141399383545, "passed": true}, "4": {"execution_time": 0.22316479682922363, "passed": false}, "5": {"execution_time": 0.22689270973205566, "passed": true}, "6": {"execution_time": 0.23261523246765137, "passed": false}, "7": {"execution_time": 0.2271277904510498, "passed": false}, "8": {"execution_time": 0.2395007610321045, "passed": false}, "9": {"execution_time": 0.22704291343688965, "passed": false}, "10": {"execution_time": 0.22775006294250488, "passed": false}, "11": {"execution_time": 0.2275402545928955, "passed": false}, "12": {"execution_time": 0.22591209411621094, "passed": false}, "13": {"execution_time": 0.23265814781188965, "passed": true}, "14": {"execution_time": 0.29632067680358887, "passed": false}, "15": {"execution_time": 0.2541539669036865, "passed": true}, "16": {"execution_time": 0.3065609931945801, "passed": false}, "17": {"execution_time": 0.3223578929901123, "passed": false}, "18": {"execution_time": 0.29587793350219727, "passed": false}, "19": {"execution_time": 0.34717798233032227, "passed": false}, "20": {"execution_time": 0.31276917457580566, "passed": false}, "21": {"execution_time": 0.2653310298919678, "passed": false}, "22": {"execution_time": 0.38896918296813965, "passed": false}, "23": {"execution_time": 0.3800368309020996, "passed": false}}}, "check_style_score": "0/1"}