{"version": "1", "message": "ERROR: Hidden Testcases server unreachable.", "problem_id": "ads2_m2_a1_1", "user_id": "Gayatri-Prathyusha", "score": {"sample": {"0": {"execution_time": 0.27467894554138184, "passed": false}, "1": {"execution_time": 0.2372448444366455, "passed": false}, "2": {"execution_time": 0.23389720916748047, "passed": false}, "3": {"execution_time": 0.22368311882019043, "passed": false}, "4": {"execution_time": 0.23057007789611816, "passed": false}, "5": {"execution_time": 0.23922395706176758, "passed": false}, "6": {"execution_time": 0.22992396354675293, "passed": false}, "7": {"execution_time": 0.2227771282196045, "passed": false}, "8": {"execution_time": 0.2290019989013672, "passed": false}, "9": {"execution_time": 0.22950005531311035, "passed": false}, "10": {"execution_time": 0.22564077377319336, "passed": false}, "11": {"execution_time": 0.22853899002075195, "passed": false}, "12": {"execution_time": 0.22988104820251465, "passed": false}, "13": {"execution_time": 0.23423194885253906, "passed": false}, "14": {"execution_time": 0.2336587905883789, "passed": false}, "15": {"execution_time": 0.25653982162475586, "passed": false}, "16": {"execution_time": 0.2561159133911133, "passed": false}, "17": {"execution_time": 0.3033721446990967, "passed": false}, "18": {"execution_time": 0.2883589267730713, "passed": false}, "19": {"execution_time": 0.3044910430908203, "passed": false}, "20": {"execution_time": 0.31075501441955566, "passed": false}, "21": {"execution_time": 0.2427079677581787, "passed": false}, "22": {"execution_time": 0.3679168224334717, "passed": false}, "23": {"execution_time": 0.3565082550048828, "passed": false}}}, "check_style_score": "0/1"}