{"version": "1", "message": "ERROR: Hidden Testcases server unreachable.", "problem_id": "ads2_m2_a1_1", "user_id": "Gayatri-Prathyusha", "score": {"sample": {"0": {"execution_time": 0.3040471076965332, "passed": true}, "1": {"execution_time": 0.2577848434448242, "passed": true}, "2": {"execution_time": 0.2319049835205078, "passed": false}, "3": {"execution_time": 0.23259687423706055, "passed": false}, "4": {"execution_time": 0.22944092750549316, "passed": false}, "5": {"execution_time": 0.2506589889526367, "passed": true}, "6": {"execution_time": 0.25559186935424805, "passed": false}, "7": {"execution_time": 0.22895312309265137, "passed": false}, "8": {"execution_time": 0.2312328815460205, "passed": false}, "9": {"execution_time": 0.2312161922454834, "passed": false}, "10": {"execution_time": 0.22733020782470703, "passed": false}, "11": {"execution_time": 0.22485899925231934, "passed": false}, "12": {"execution_time": 0.2423839569091797, "passed": false}, "13": {"execution_time": 0.24161505699157715, "passed": true}, "14": {"execution_time": 0.23774099349975586, "passed": false}, "15": {"execution_time": 0.2646911144256592, "passed": true}, "16": {"execution_time": 0.27201104164123535, "passed": false}, "17": {"execution_time": 0.314910888671875, "passed": false}, "18": {"execution_time": 0.2797386646270752, "passed": false}, "19": {"execution_time": 0.3028438091278076, "passed": false}, "20": {"execution_time": 0.31129002571105957, "passed": false}, "21": {"execution_time": 0.24140381813049316, "passed": false}, "22": {"execution_time": 0.3568878173828125, "passed": false}, "23": {"execution_time": 0.37204790115356445, "passed": false}}}, "check_style_score": "0/1"}