{"version": "1", "message": "ERROR: Hidden Testcases server unreachable.", "problem_id": "ads2_m2_a1_1", "user_id": "Gayatri-Prathyusha", "score": {"sample": {"0": {"execution_time": 0.292802095413208, "passed": true}, "1": {"execution_time": 0.24196195602416992, "passed": true}, "2": {"execution_time": 0.2646749019622803, "passed": false}, "3": {"execution_time": 0.23595714569091797, "passed": true}, "4": {"execution_time": 0.2643752098083496, "passed": false}, "5": {"execution_time": 0.24776697158813477, "passed": true}, "6": {"execution_time": 0.25077080726623535, "passed": false}, "7": {"execution_time": 0.2539482116699219, "passed": false}, "8": {"execution_time": 0.24374604225158691, "passed": false}, "9": {"execution_time": 0.23583984375, "passed": false}, "10": {"execution_time": 0.22711563110351562, "passed": false}, "11": {"execution_time": 0.23826026916503906, "passed": false}, "12": {"execution_time": 0.2500741481781006, "passed": false}, "13": {"execution_time": 0.23620128631591797, "passed": true}, "14": {"execution_time": 0.23464703559875488, "passed": false}, "15": {"execution_time": 0.25943994522094727, "passed": true}, "16": {"execution_time": 0.25487375259399414, "passed": false}, "17": {"execution_time": 0.3042140007019043, "passed": false}, "18": {"execution_time": 0.2829780578613281, "passed": false}, "19": {"execution_time": 0.3101937770843506, "passed": false}, "20": {"execution_time": 0.37169790267944336, "passed": false}, "21": {"execution_time": 0.27771592140197754, "passed": false}, "22": {"execution_time": 0.36475610733032227, "passed": false}, "23": {"execution_time": 0.34677815437316895, "passed": false}}}, "check_style_score": "0/1"}