{"version": "1", "message": "ERROR: Hidden Testcases server unreachable.", "problem_id": "ads2_m2_a1_1", "user_id": "Gayatri-Prathyusha", "score": {"sample": {"0": {"execution_time": 0.27707695960998535, "passed": true}, "1": {"execution_time": 0.24074268341064453, "passed": true}, "2": {"execution_time": 0.24851012229919434, "passed": false}, "3": {"execution_time": 0.2327108383178711, "passed": true}, "4": {"execution_time": 0.23474526405334473, "passed": false}, "5": {"execution_time": 0.26218318939208984, "passed": true}, "6": {"execution_time": 0.2381880283355713, "passed": false}, "7": {"execution_time": 0.24263596534729004, "passed": false}, "8": {"execution_time": 0.23825693130493164, "passed": false}, "9": {"execution_time": 0.2311387062072754, "passed": false}, "10": {"execution_time": 0.24776005744934082, "passed": false}, "11": {"execution_time": 0.2658350467681885, "passed": false}, "12": {"execution_time": 0.27903318405151367, "passed": false}, "13": {"execution_time": 0.24978113174438477, "passed": true}, "14": {"execution_time": 0.23995304107666016, "passed": false}, "15": {"execution_time": 0.2603158950805664, "passed": true}, "16": {"execution_time": 0.27841997146606445, "passed": false}, "17": {"execution_time": 0.3086838722229004, "passed": false}, "18": {"execution_time": 0.28653383255004883, "passed": false}, "19": {"execution_time": 0.37365007400512695, "passed": false}, "20": {"execution_time": 0.3341188430786133, "passed": false}, "21": {"execution_time": 0.2739436626434326, "passed": false}, "22": {"execution_time": 0.3637080192565918, "passed": false}, "23": {"execution_time": 0.3708229064941406, "passed": false}}}, "check_style_score": "0/1"}