{"version": "1", "message": "ERROR: Hidden Testcases server unreachable.", "problem_id": "ads2_m2_a1_1", "user_id": "Gayatri-Prathyusha", "score": {"sample": {"0": {"execution_time": 0.2933309078216553, "passed": true}, "1": {"execution_time": 0.2357327938079834, "passed": true}, "2": {"execution_time": 0.24890923500061035, "passed": true}, "3": {"execution_time": 0.2627241611480713, "passed": true}, "4": {"execution_time": 0.23481202125549316, "passed": true}, "5": {"execution_time": 0.25144195556640625, "passed": true}, "6": {"execution_time": 0.286635160446167, "passed": true}, "7": {"execution_time": 0.28484296798706055, "passed": true}, "8": {"execution_time": 0.23280620574951172, "passed": true}, "9": {"execution_time": 0.23217511177062988, "passed": true}, "10": {"execution_time": 0.24074482917785645, "passed": true}, "11": {"execution_time": 0.23878717422485352, "passed": true}, "12": {"execution_time": 0.2331836223602295, "passed": true}, "13": {"execution_time": 0.23198699951171875, "passed": true}, "14": {"execution_time": 0.2443220615386963, "passed": true}, "15": {"execution_time": 0.2779998779296875, "passed": true}, "16": {"execution_time": 0.2662372589111328, "passed": true}, "17": {"execution_time": 0.30690813064575195, "passed": true}, "18": {"execution_time": 0.306232213973999, "passed": true}, "19": {"execution_time": 0.3076488971710205, "passed": true}, "20": {"execution_time": 0.36348581314086914, "passed": true}, "21": {"execution_time": 0.2793138027191162, "passed": true}, "22": {"execution_time": 0.42498087882995605, "passed": false}, "23": {"execution_time": 0.42058801651000977, "passed": true}}}, "check_style_score": "1/1"}