{"version": "1", "message": "ERROR: Hidden Testcases server unreachable.", "problem_id": "ads2_m2_a1_1", "user_id": "Gayatri-Prathyusha", "score": {"sample": {"0": {"execution_time": 0.2889399528503418, "passed": false}, "1": {"execution_time": 0.25541090965270996, "passed": false}, "2": {"execution_time": 0.23217988014221191, "passed": false}, "3": {"execution_time": 0.22637581825256348, "passed": false}, "4": {"execution_time": 0.22818565368652344, "passed": false}, "5": {"execution_time": 0.22711658477783203, "passed": false}, "6": {"execution_time": 0.22457599639892578, "passed": false}, "7": {"execution_time": 0.25011372566223145, "passed": false}, "8": {"execution_time": 0.254871129989624, "passed": false}, "9": {"execution_time": 0.23592185974121094, "passed": false}, "10": {"execution_time": 0.23104405403137207, "passed": false}, "11": {"execution_time": 0.5792970657348633, "passed": false}, "12": {"execution_time": 0.44834399223327637, "passed": false}, "13": {"execution_time": 0.4478909969329834, "passed": false}, "14": {"execution_time": 0.22847509384155273, "passed": false}, "15": {"execution_time": 0.29909229278564453, "passed": false}, "16": {"execution_time": 0.276324987411499, "passed": false}, "17": {"execution_time": 0.3018829822540283, "passed": false}, "18": {"execution_time": 0.5279953479766846, "passed": false}, "19": {"execution_time": 0.5951917171478271, "passed": false}, "20": {"execution_time": 0.6240041255950928, "passed": false}, "21": {"execution_time": 0.2335820198059082, "passed": false}, "22": {"execution_time": 0.6530129909515381, "passed": false}, "23": {"execution_time": 0.6863408088684082, "passed": false}}}, "check_style_score": "0/1"}