{"version": "1", "message": "ERROR: Hidden Testcases server unreachable.", "problem_id": "ads2_m2_a1_1", "user_id": "Gayatri-Prathyusha", "score": {"sample": {"0": {"execution_time": 0.30958008766174316, "passed": true}, "1": {"execution_time": 0.24938297271728516, "passed": true}, "2": {"execution_time": 0.2879629135131836, "passed": true}, "3": {"execution_time": 0.37029600143432617, "passed": true}, "4": {"execution_time": 0.354417085647583, "passed": true}, "5": {"execution_time": 0.26744699478149414, "passed": true}, "6": {"execution_time": 0.2493419647216797, "passed": true}, "7": {"execution_time": 0.25903820991516113, "passed": true}, "8": {"execution_time": 0.2632486820220947, "passed": true}, "9": {"execution_time": 0.25720930099487305, "passed": true}, "10": {"execution_time": 0.25844311714172363, "passed": true}, "11": {"execution_time": 0.2721889019012451, "passed": true}, "12": {"execution_time": 0.2867879867553711, "passed": true}, "13": {"execution_time": 0.2589230537414551, "passed": true}, "14": {"execution_time": 0.324321985244751, "passed": true}, "15": {"execution_time": 0.2949709892272949, "passed": true}, "16": {"execution_time": 0.32397985458374023, "passed": true}, "17": {"execution_time": 0.44263696670532227, "passed": true}, "18": {"execution_time": 0.3890039920806885, "passed": true}, "19": {"execution_time": 0.36129188537597656, "passed": true}, "20": {"execution_time": 0.3679170608520508, "passed": true}, "21": {"execution_time": 0.3807508945465088, "passed": true}, "22": {"execution_time": 0.6495668888092041, "passed": false}, "23": {"execution_time": 0.41810083389282227, "passed": true}}}, "check_style_score": "1/1"}