{"version": "1", "message": "ERROR: Hidden Testcases server unreachable.", "problem_id": "ads2_m2_a1_1", "user_id": "Gayatri-Prathyusha", "score": {"sample": {"0": {"execution_time": 0.25489282608032227, "passed": true}, "1": {"execution_time": 0.2517356872558594, "passed": true}, "2": {"execution_time": 0.2240147590637207, "passed": false}, "3": {"execution_time": 0.25122833251953125, "passed": true}, "4": {"execution_time": 0.22520923614501953, "passed": false}, "5": {"execution_time": 0.22359824180603027, "passed": true}, "6": {"execution_time": 0.24372196197509766, "passed": false}, "7": {"execution_time": 0.23168611526489258, "passed": false}, "8": {"execution_time": 0.23970985412597656, "passed": false}, "9": {"execution_time": 0.25476980209350586, "passed": false}, "10": {"execution_time": 0.22679805755615234, "passed": false}, "11": {"execution_time": 0.22446894645690918, "passed": false}, "12": {"execution_time": 0.23254776000976562, "passed": false}, "13": {"execution_time": 0.22713494300842285, "passed": true}, "14": {"execution_time": 0.24188971519470215, "passed": false}, "15": {"execution_time": 0.2622499465942383, "passed": true}, "16": {"execution_time": 0.26023197174072266, "passed": false}, "17": {"execution_time": 0.29961180686950684, "passed": false}, "18": {"execution_time": 0.28227710723876953, "passed": false}, "19": {"execution_time": 0.3006777763366699, "passed": false}, "20": {"execution_time": 0.3114967346191406, "passed": false}, "21": {"execution_time": 0.22848224639892578, "passed": false}, "22": {"execution_time": 0.34238195419311523, "passed": false}, "23": {"execution_time": 0.3504068851470947, "passed": false}}}, "check_style_score": "0/1"}