{"version": "1", "message": "ERROR: Hidden Testcases server unreachable.", "problem_id": "ads2_m2_a1_1", "user_id": "Gayatri-Prathyusha", "score": {"sample": {"0": {"execution_time": 0.2921009063720703, "passed": true}, "1": {"execution_time": 0.2565290927886963, "passed": true}, "2": {"execution_time": 0.22570419311523438, "passed": false}, "3": {"execution_time": 0.22582602500915527, "passed": false}, "4": {"execution_time": 0.23389482498168945, "passed": false}, "5": {"execution_time": 0.22459697723388672, "passed": true}, "6": {"execution_time": 0.22603392601013184, "passed": false}, "7": {"execution_time": 0.22714996337890625, "passed": false}, "8": {"execution_time": 0.2303323745727539, "passed": false}, "9": {"execution_time": 0.2333540916442871, "passed": false}, "10": {"execution_time": 0.2265009880065918, "passed": false}, "11": {"execution_time": 0.22686505317687988, "passed": false}, "12": {"execution_time": 0.22762584686279297, "passed": false}, "13": {"execution_time": 0.2272169589996338, "passed": true}, "14": {"execution_time": 0.23145508766174316, "passed": false}, "15": {"execution_time": 0.25343799591064453, "passed": true}, "16": {"execution_time": 0.26960015296936035, "passed": false}, "17": {"execution_time": 0.3015620708465576, "passed": false}, "18": {"execution_time": 0.28214478492736816, "passed": false}, "19": {"execution_time": 0.29895615577697754, "passed": false}, "20": {"execution_time": 0.31241798400878906, "passed": false}, "21": {"execution_time": 0.23752307891845703, "passed": false}, "22": {"execution_time": 0.3567039966583252, "passed": false}, "23": {"execution_time": 0.3567500114440918, "passed": false}}}, "check_style_score": "0/1"}