{"version": "1", "message": "ERROR: Hidden Testcases server unreachable.", "problem_id": "ads2_m2_a1_1", "user_id": "Gayatri-Prathyusha", "score": {"sample": {"0": {"execution_time": 0.2847728729248047, "passed": true}, "1": {"execution_time": 0.2578151226043701, "passed": true}, "2": {"execution_time": 0.25449705123901367, "passed": true}, "3": {"execution_time": 0.23435378074645996, "passed": true}, "4": {"execution_time": 0.23101305961608887, "passed": true}, "5": {"execution_time": 0.2319948673248291, "passed": true}, "6": {"execution_time": 0.22729897499084473, "passed": true}, "7": {"execution_time": 0.2339649200439453, "passed": true}, "8": {"execution_time": 0.23259210586547852, "passed": true}, "9": {"execution_time": 0.23217272758483887, "passed": true}, "10": {"execution_time": 0.23014616966247559, "passed": true}, "11": {"execution_time": 0.23241806030273438, "passed": true}, "12": {"execution_time": 0.23438405990600586, "passed": true}, "13": {"execution_time": 0.26098012924194336, "passed": true}, "14": {"execution_time": 0.2354421615600586, "passed": true}, "15": {"execution_time": 0.32245612144470215, "passed": true}, "16": {"execution_time": 0.2746438980102539, "passed": true}, "17": {"execution_time": 0.29816508293151855, "passed": true}, "18": {"execution_time": 0.2799718379974365, "passed": true}, "19": {"execution_time": 0.3197479248046875, "passed": true}, "20": {"execution_time": 0.324383020401001, "passed": true}, "21": {"execution_time": 0.24124813079833984, "passed": true}, "22": {"execution_time": 0.3892240524291992, "passed": false}, "23": {"execution_time": 0.356065034866333, "passed": true}}}, "check_style_score": "0/1"}