{"version": "1", "message": "ERROR: Hidden Testcases server unreachable.", "problem_id": "ads2_m2_a1_1", "user_id": "Gayatri-Prathyusha", "score": {"sample": {"0": {"execution_time": 0.31261706352233887, "passed": true}, "1": {"execution_time": 0.28145480155944824, "passed": true}, "2": {"execution_time": 0.27460312843322754, "passed": true}, "3": {"execution_time": 0.250669002532959, "passed": true}, "4": {"execution_time": 0.24805307388305664, "passed": true}, "5": {"execution_time": 0.27661800384521484, "passed": true}, "6": {"execution_time": 0.24930691719055176, "passed": true}, "7": {"execution_time": 0.24237704277038574, "passed": true}, "8": {"execution_time": 0.24643731117248535, "passed": true}, "9": {"execution_time": 0.2390282154083252, "passed": true}, "10": {"execution_time": 0.24434614181518555, "passed": true}, "11": {"execution_time": 0.248154878616333, "passed": true}, "12": {"execution_time": 0.2748751640319824, "passed": true}, "13": {"execution_time": 0.24888181686401367, "passed": true}, "14": {"execution_time": 0.2478656768798828, "passed": true}, "15": {"execution_time": 0.25652480125427246, "passed": true}, "16": {"execution_time": 0.2580399513244629, "passed": true}, "17": {"execution_time": 0.32059216499328613, "passed": true}, "18": {"execution_time": 0.2965047359466553, "passed": true}, "19": {"execution_time": 0.3036789894104004, "passed": true}, "20": {"execution_time": 0.32683897018432617, "passed": true}, "21": {"execution_time": 0.25695371627807617, "passed": true}, "22": {"execution_time": 0.4697122573852539, "passed": false}, "23": {"execution_time": 0.42780613899230957, "passed": true}}}, "check_style_score": "0/1"}