{"version": "1", "message": "ERROR: Hidden Testcases server unreachable.", "problem_id": "ads2_m2_a1_1", "user_id": "Gayatri-Prathyusha", "score": {"sample": {"0": {"execution_time": 0.3573009967803955, "passed": true}, "1": {"execution_time": 0.2641630172729492, "passed": true}, "2": {"execution_time": 0.2457730770111084, "passed": true}, "3": {"execution_time": 0.23089981079101562, "passed": true}, "4": {"execution_time": 0.2620270252227783, "passed": true}, "5": {"execution_time": 0.26577115058898926, "passed": true}, "6": {"execution_time": 0.23320508003234863, "passed": true}, "7": {"execution_time": 0.2429511547088623, "passed": true}, "8": {"execution_time": 0.25847768783569336, "passed": true}, "9": {"execution_time": 0.24666810035705566, "passed": true}, "10": {"execution_time": 0.2316300868988037, "passed": true}, "11": {"execution_time": 0.23548007011413574, "passed": true}, "12": {"execution_time": 0.23204421997070312, "passed": true}, "13": {"execution_time": 0.23955512046813965, "passed": true}, "14": {"execution_time": 0.23793721199035645, "passed": true}, "15": {"execution_time": 0.2590320110321045, "passed": true}, "16": {"execution_time": 0.2663407325744629, "passed": true}, "17": {"execution_time": 0.3079509735107422, "passed": true}, "18": {"execution_time": 0.3100748062133789, "passed": true}, "19": {"execution_time": 0.35077714920043945, "passed": true}, "20": {"execution_time": 0.34485316276550293, "passed": true}, "21": {"execution_time": 0.27021217346191406, "passed": true}, "22": {"execution_time": 0.38947582244873047, "passed": true}, "23": {"execution_time": 0.3621408939361572, "passed": true}}}, "check_style_score": "0/1"}