{"version": "1", "message": "ERROR: Hidden Testcases server unreachable.", "problem_id": "ads2_m2_a1_1", "user_id": "Gayatri-Prathyusha", "score": {"sample": {"0": {"execution_time": 0.30893516540527344, "passed": true}, "1": {"execution_time": 0.2501180171966553, "passed": true}, "2": {"execution_time": 0.24054408073425293, "passed": true}, "3": {"execution_time": 0.26689624786376953, "passed": true}, "4": {"execution_time": 0.2431018352508545, "passed": true}, "5": {"execution_time": 0.2659728527069092, "passed": true}, "6": {"execution_time": 0.24362993240356445, "passed": true}, "7": {"execution_time": 0.22908425331115723, "passed": true}, "8": {"execution_time": 0.23217988014221191, "passed": true}, "9": {"execution_time": 0.22928929328918457, "passed": true}, "10": {"execution_time": 0.23084592819213867, "passed": true}, "11": {"execution_time": 0.23159289360046387, "passed": true}, "12": {"execution_time": 0.23383879661560059, "passed": true}, "13": {"execution_time": 0.23949503898620605, "passed": true}, "14": {"execution_time": 0.2319352626800537, "passed": true}, "15": {"execution_time": 0.2520127296447754, "passed": true}, "16": {"execution_time": 0.26699185371398926, "passed": true}, "17": {"execution_time": 0.3088650703430176, "passed": true}, "18": {"execution_time": 0.2941739559173584, "passed": true}, "19": {"execution_time": 0.30332493782043457, "passed": true}, "20": {"execution_time": 0.3346688747406006, "passed": true}, "21": {"execution_time": 0.2357950210571289, "passed": true}, "22": {"execution_time": 0.4042990207672119, "passed": false}, "23": {"execution_time": 0.35483789443969727, "passed": true}}}, "check_style_score": "0/1"}