{"version": "1", "message": "ERROR: Hidden Testcases server unreachable.", "problem_id": "ads2_m2_a1_1", "user_id": "Gayatri-Prathyusha", "score": {"sample": {"0": {"execution_time": 0.2975349426269531, "passed": true}, "1": {"execution_time": 0.241912841796875, "passed": true}, "2": {"execution_time": 0.2350783348083496, "passed": true}, "3": {"execution_time": 0.23768115043640137, "passed": true}, "4": {"execution_time": 0.2364809513092041, "passed": true}, "5": {"execution_time": 0.23744583129882812, "passed": true}, "6": {"execution_time": 0.2497260570526123, "passed": true}, "7": {"execution_time": 0.22986578941345215, "passed": true}, "8": {"execution_time": 0.25000810623168945, "passed": true}, "9": {"execution_time": 0.24271392822265625, "passed": true}, "10": {"execution_time": 0.2438368797302246, "passed": true}, "11": {"execution_time": 0.23300385475158691, "passed": true}, "12": {"execution_time": 0.23355889320373535, "passed": true}, "13": {"execution_time": 0.2535371780395508, "passed": true}, "14": {"execution_time": 0.23480701446533203, "passed": true}, "15": {"execution_time": 0.2948191165924072, "passed": true}, "16": {"execution_time": 0.26177120208740234, "passed": true}, "17": {"execution_time": 0.3119816780090332, "passed": true}, "18": {"execution_time": 0.2973310947418213, "passed": true}, "19": {"execution_time": 0.30794191360473633, "passed": true}, "20": {"execution_time": 0.31951212882995605, "passed": true}, "21": {"execution_time": 0.2362842559814453, "passed": true}, "22": {"execution_time": 0.39964914321899414, "passed": false}, "23": {"execution_time": 0.3396148681640625, "passed": true}}}, "check_style_score": "0/1"}