{"version": "1", "message": "ERROR: Hidden Testcases server unreachable.", "problem_id": "ads2_m2_a1_1", "user_id": "Gayatri-Prathyusha", "score": {"sample": {"0": {"execution_time": 0.28322386741638184, "passed": true}, "1": {"execution_time": 0.24106693267822266, "passed": true}, "2": {"execution_time": 0.22998309135437012, "passed": false}, "3": {"execution_time": 0.23429512977600098, "passed": true}, "4": {"execution_time": 0.23189926147460938, "passed": false}, "5": {"execution_time": 0.25089406967163086, "passed": true}, "6": {"execution_time": 0.2768518924713135, "passed": false}, "7": {"execution_time": 0.2370290756225586, "passed": false}, "8": {"execution_time": 0.2796299457550049, "passed": false}, "9": {"execution_time": 0.23206400871276855, "passed": false}, "10": {"execution_time": 0.23800301551818848, "passed": false}, "11": {"execution_time": 0.23505687713623047, "passed": false}, "12": {"execution_time": 0.24213361740112305, "passed": false}, "13": {"execution_time": 0.2338089942932129, "passed": true}, "14": {"execution_time": 0.2318110466003418, "passed": false}, "15": {"execution_time": 0.2671220302581787, "passed": true}, "16": {"execution_time": 0.2735280990600586, "passed": false}, "17": {"execution_time": 0.3000760078430176, "passed": false}, "18": {"execution_time": 0.2972710132598877, "passed": false}, "19": {"execution_time": 0.3082120418548584, "passed": false}, "20": {"execution_time": 0.34792494773864746, "passed": false}, "21": {"execution_time": 0.23816394805908203, "passed": false}, "22": {"execution_time": 0.39911413192749023, "passed": false}, "23": {"execution_time": 0.368908166885376, "passed": false}}}, "check_style_score": "0/1"}