{"version": "1", "message": "ERROR: Hidden Testcases server unreachable.", "problem_id": "ads2_m2_a1_1", "user_id": "Gayatri-Prathyusha", "score": {"sample": {"0": {"execution_time": 0.2666890621185303, "passed": true}, "1": {"execution_time": 0.24985074996948242, "passed": true}, "2": {"execution_time": 0.2781050205230713, "passed": false}, "3": {"execution_time": 0.23910784721374512, "passed": true}, "4": {"execution_time": 0.26683998107910156, "passed": false}, "5": {"execution_time": 0.24657797813415527, "passed": true}, "6": {"execution_time": 0.2324838638305664, "passed": false}, "7": {"execution_time": 0.2378523349761963, "passed": false}, "8": {"execution_time": 0.2293710708618164, "passed": false}, "9": {"execution_time": 0.23330211639404297, "passed": false}, "10": {"execution_time": 0.2368030548095703, "passed": false}, "11": {"execution_time": 0.2731790542602539, "passed": false}, "12": {"execution_time": 0.23586416244506836, "passed": false}, "13": {"execution_time": 0.23381805419921875, "passed": true}, "14": {"execution_time": 0.2360389232635498, "passed": false}, "15": {"execution_time": 0.25846195220947266, "passed": true}, "16": {"execution_time": 0.2613248825073242, "passed": false}, "17": {"execution_time": 0.3145458698272705, "passed": false}, "18": {"execution_time": 0.3126189708709717, "passed": false}, "19": {"execution_time": 0.30595827102661133, "passed": false}, "20": {"execution_time": 0.3164339065551758, "passed": false}, "21": {"execution_time": 0.24244904518127441, "passed": false}, "22": {"execution_time": 0.3691120147705078, "passed": false}, "23": {"execution_time": 0.382519006729126, "passed": false}}}, "check_style_score": "0/1"}