{"version": "1", "message": "ERROR: Hidden Testcases server unreachable.", "problem_id": "ads2_m2_a1_1", "user_id": "Gayatri-Prathyusha", "score": {"sample": {"0": {"execution_time": 0.302609920501709, "passed": true}, "1": {"execution_time": 0.23346829414367676, "passed": true}, "2": {"execution_time": 0.23061776161193848, "passed": false}, "3": {"execution_time": 0.25934576988220215, "passed": false}, "4": {"execution_time": 0.22624874114990234, "passed": false}, "5": {"execution_time": 0.2492678165435791, "passed": true}, "6": {"execution_time": 0.22737479209899902, "passed": false}, "7": {"execution_time": 0.23523998260498047, "passed": false}, "8": {"execution_time": 0.23801493644714355, "passed": false}, "9": {"execution_time": 0.23753905296325684, "passed": false}, "10": {"execution_time": 0.23119497299194336, "passed": false}, "11": {"execution_time": 0.22857379913330078, "passed": false}, "12": {"execution_time": 0.2344071865081787, "passed": false}, "13": {"execution_time": 0.22796177864074707, "passed": true}, "14": {"execution_time": 0.25568485260009766, "passed": false}, "15": {"execution_time": 0.2667856216430664, "passed": true}, "16": {"execution_time": 0.26702094078063965, "passed": false}, "17": {"execution_time": 0.3215639591217041, "passed": false}, "18": {"execution_time": 0.29455113410949707, "passed": false}, "19": {"execution_time": 0.3150467872619629, "passed": false}, "20": {"execution_time": 0.3148229122161865, "passed": false}, "21": {"execution_time": 0.24705004692077637, "passed": false}, "22": {"execution_time": 0.3676180839538574, "passed": false}, "23": {"execution_time": 0.3661320209503174, "passed": false}}}, "check_style_score": "0/1"}