{"version": "1", "message": "ERROR: Hidden Testcases server unreachable.", "problem_id": "ads2_m2_a1_1", "user_id": "Gayatri-Prathyusha", "score": {"sample": {"0": {"execution_time": 0.2590789794921875, "passed": true}, "1": {"execution_time": 0.2431657314300537, "passed": true}, "2": {"execution_time": 0.2794768810272217, "passed": false}, "3": {"execution_time": 0.231950044631958, "passed": true}, "4": {"execution_time": 0.2366468906402588, "passed": false}, "5": {"execution_time": 0.24101877212524414, "passed": true}, "6": {"execution_time": 0.23174595832824707, "passed": false}, "7": {"execution_time": 0.2372722625732422, "passed": false}, "8": {"execution_time": 0.2320859432220459, "passed": false}, "9": {"execution_time": 0.2306509017944336, "passed": false}, "10": {"execution_time": 0.2299787998199463, "passed": false}, "11": {"execution_time": 0.23290324211120605, "passed": false}, "12": {"execution_time": 0.23229169845581055, "passed": false}, "13": {"execution_time": 0.2578461170196533, "passed": true}, "14": {"execution_time": 0.2522869110107422, "passed": false}, "15": {"execution_time": 0.25815391540527344, "passed": true}, "16": {"execution_time": 0.2612028121948242, "passed": false}, "17": {"execution_time": 0.3088991641998291, "passed": false}, "18": {"execution_time": 0.27138590812683105, "passed": false}, "19": {"execution_time": 0.3085441589355469, "passed": false}, "20": {"execution_time": 0.31877684593200684, "passed": false}, "21": {"execution_time": 0.23666715621948242, "passed": false}, "22": {"execution_time": 0.3483397960662842, "passed": false}, "23": {"execution_time": 0.35675907135009766, "passed": false}}}, "check_style_score": "0/1"}