{"version": "1", "message": "ERROR: Hidden Testcases server unreachable.", "problem_id": "ads2_m2_a1_1", "user_id": "Gayatri-Prathyusha", "score": {"sample": {"0": {"execution_time": 0.268312931060791, "passed": true}, "1": {"execution_time": 0.24978303909301758, "passed": true}, "2": {"execution_time": 0.2656059265136719, "passed": true}, "3": {"execution_time": 0.23806285858154297, "passed": true}, "4": {"execution_time": 0.29516172409057617, "passed": true}, "5": {"execution_time": 0.26060009002685547, "passed": true}, "6": {"execution_time": 0.2610602378845215, "passed": true}, "7": {"execution_time": 0.23401594161987305, "passed": true}, "8": {"execution_time": 0.2486269474029541, "passed": true}, "9": {"execution_time": 0.23050880432128906, "passed": true}, "10": {"execution_time": 0.2266707420349121, "passed": true}, "11": {"execution_time": 0.2269282341003418, "passed": true}, "12": {"execution_time": 0.22534394264221191, "passed": true}, "13": {"execution_time": 0.24350404739379883, "passed": true}, "14": {"execution_time": 0.25760507583618164, "passed": true}, "15": {"execution_time": 0.3201568126678467, "passed": true}, "16": {"execution_time": 0.28517723083496094, "passed": true}, "17": {"execution_time": 0.34334397315979004, "passed": true}, "18": {"execution_time": 0.2787752151489258, "passed": true}, "19": {"execution_time": 0.3341240882873535, "passed": true}, "20": {"execution_time": 0.31485819816589355, "passed": true}, "21": {"execution_time": 0.23901700973510742, "passed": true}, "22": {"execution_time": 0.3833773136138916, "passed": false}, "23": {"execution_time": 0.34830737113952637, "passed": true}}}, "check_style_score": "0/1"}