{"version": "1", "message": "ERROR: Hidden Testcases server unreachable.", "problem_id": "ads2_m2_a1_1", "user_id": "Gayatri-Prathyusha", "score": {"sample": {"0": {"execution_time": 0.35782670974731445, "passed": true}, "1": {"execution_time": 0.2377181053161621, "passed": true}, "2": {"execution_time": 0.24195289611816406, "passed": true}, "3": {"execution_time": 0.2381441593170166, "passed": true}, "4": {"execution_time": 0.2353529930114746, "passed": true}, "5": {"execution_time": 0.2769811153411865, "passed": true}, "6": {"execution_time": 0.30489110946655273, "passed": true}, "7": {"execution_time": 0.2792389392852783, "passed": true}, "8": {"execution_time": 0.30534791946411133, "passed": true}, "9": {"execution_time": 0.3697211742401123, "passed": true}, "10": {"execution_time": 0.3433718681335449, "passed": true}, "11": {"execution_time": 0.36425185203552246, "passed": true}, "12": {"execution_time": 0.35975217819213867, "passed": true}, "13": {"execution_time": 0.2508120536804199, "passed": true}, "14": {"execution_time": 0.2572600841522217, "passed": true}, "15": {"execution_time": 0.275954008102417, "passed": true}, "16": {"execution_time": 0.2835218906402588, "passed": true}, "17": {"execution_time": 0.31291913986206055, "passed": true}, "18": {"execution_time": 0.29108405113220215, "passed": true}, "19": {"execution_time": 0.32080912590026855, "passed": true}, "20": {"execution_time": 0.33699798583984375, "passed": true}, "21": {"execution_time": 0.23902606964111328, "passed": true}, "22": {"execution_time": 0.39815807342529297, "passed": false}, "23": {"execution_time": 0.35369420051574707, "passed": true}}}, "check_style_score": "1/1"}