{"version": "1", "message": "ERROR: Hidden Testcases server unreachable.", "problem_id": "ads2_m2_a1_1", "user_id": "Gayatri-Prathyusha", "score": {"sample": {"0": {"execution_time": 0.2715919017791748, "passed": true}, "1": {"execution_time": 0.2260122299194336, "passed": true}, "2": {"execution_time": 0.22256088256835938, "passed": false}, "3": {"execution_time": 0.23158717155456543, "passed": true}, "4": {"execution_time": 0.22334003448486328, "passed": false}, "5": {"execution_time": 0.23337316513061523, "passed": true}, "6": {"execution_time": 0.2246532440185547, "passed": false}, "7": {"execution_time": 0.22801589965820312, "passed": false}, "8": {"execution_time": 0.2463359832763672, "passed": false}, "9": {"execution_time": 0.23382997512817383, "passed": false}, "10": {"execution_time": 0.25900912284851074, "passed": false}, "11": {"execution_time": 0.23615694046020508, "passed": false}, "12": {"execution_time": 0.23889589309692383, "passed": false}, "13": {"execution_time": 0.23171710968017578, "passed": true}, "14": {"execution_time": 0.22820615768432617, "passed": false}, "15": {"execution_time": 0.2536458969116211, "passed": true}, "16": {"execution_time": 0.25810909271240234, "passed": false}, "17": {"execution_time": 0.3093221187591553, "passed": false}, "18": {"execution_time": 0.28017091751098633, "passed": false}, "19": {"execution_time": 0.30589723587036133, "passed": false}, "20": {"execution_time": 0.32189488410949707, "passed": false}, "21": {"execution_time": 0.23268890380859375, "passed": false}, "22": {"execution_time": 0.34734487533569336, "passed": false}, "23": {"execution_time": 0.3542618751525879, "passed": false}}}, "check_style_score": "0/1"}