{"version": "1", "message": "ERROR: Hidden Testcases server unreachable.", "problem_id": "ads2_m2_a1_1", "user_id": "Gayatri-Prathyusha", "score": {"sample": {"0": {"execution_time": 0.27200984954833984, "passed": true}, "1": {"execution_time": 0.22779178619384766, "passed": true}, "2": {"execution_time": 0.2267742156982422, "passed": false}, "3": {"execution_time": 0.2269759178161621, "passed": true}, "4": {"execution_time": 0.24656915664672852, "passed": false}, "5": {"execution_time": 0.23951005935668945, "passed": true}, "6": {"execution_time": 0.240311861038208, "passed": false}, "7": {"execution_time": 0.23184609413146973, "passed": false}, "8": {"execution_time": 0.2856121063232422, "passed": false}, "9": {"execution_time": 0.22670292854309082, "passed": false}, "10": {"execution_time": 0.23447728157043457, "passed": false}, "11": {"execution_time": 0.25484299659729004, "passed": false}, "12": {"execution_time": 0.23657703399658203, "passed": false}, "13": {"execution_time": 0.22770977020263672, "passed": true}, "14": {"execution_time": 0.22809386253356934, "passed": false}, "15": {"execution_time": 0.25165414810180664, "passed": true}, "16": {"execution_time": 0.28538012504577637, "passed": false}, "17": {"execution_time": 0.3284127712249756, "passed": false}, "18": {"execution_time": 0.31042003631591797, "passed": false}, "19": {"execution_time": 0.31107115745544434, "passed": false}, "20": {"execution_time": 0.3179340362548828, "passed": false}, "21": {"execution_time": 0.24488186836242676, "passed": false}, "22": {"execution_time": 0.34404778480529785, "passed": false}, "23": {"execution_time": 0.37168407440185547, "passed": false}}}, "check_style_score": "0/1"}