{"version": "1", "message": "ERROR: Hidden Testcases server unreachable.", "problem_id": "ads2_m2_a1_1", "user_id": "Gayatri-Prathyusha", "score": {"sample": {"0": {"execution_time": 0.2535088062286377, "passed": true}, "1": {"execution_time": 0.22850298881530762, "passed": true}, "2": {"execution_time": 0.2290208339691162, "passed": true}, "3": {"execution_time": 0.2326831817626953, "passed": true}, "4": {"execution_time": 0.23740792274475098, "passed": true}, "5": {"execution_time": 0.22256016731262207, "passed": true}, "6": {"execution_time": 0.23323822021484375, "passed": true}, "7": {"execution_time": 0.2332899570465088, "passed": true}, "8": {"execution_time": 0.2294018268585205, "passed": true}, "9": {"execution_time": 0.23057889938354492, "passed": true}, "10": {"execution_time": 0.22826480865478516, "passed": true}, "11": {"execution_time": 0.232619047164917, "passed": true}, "12": {"execution_time": 0.22771692276000977, "passed": true}, "13": {"execution_time": 0.2304692268371582, "passed": true}, "14": {"execution_time": 0.2379748821258545, "passed": true}, "15": {"execution_time": 0.25064802169799805, "passed": true}, "16": {"execution_time": 0.2616078853607178, "passed": true}, "17": {"execution_time": 0.30135202407836914, "passed": true}, "18": {"execution_time": 0.276777982711792, "passed": true}, "19": {"execution_time": 0.2981071472167969, "passed": true}, "20": {"execution_time": 0.31426024436950684, "passed": true}, "21": {"execution_time": 0.23232412338256836, "passed": true}, "22": {"execution_time": 0.37016892433166504, "passed": false}, "23": {"execution_time": 0.3481438159942627, "passed": true}}}, "check_style_score": "0/1"}