{"version": "1", "message": "ERROR: Hidden Testcases server unreachable.", "problem_id": "ads2_m2_a1_1", "user_id": "Gayatri-Prathyusha", "score": {"sample": {"0": {"execution_time": 0.2634551525115967, "passed": false}, "1": {"execution_time": 0.23229312896728516, "passed": false}, "2": {"execution_time": 0.22387003898620605, "passed": true}, "3": {"execution_time": 0.2256619930267334, "passed": false}, "4": {"execution_time": 0.22182774543762207, "passed": true}, "5": {"execution_time": 0.22983193397521973, "passed": false}, "6": {"execution_time": 0.22238898277282715, "passed": true}, "7": {"execution_time": 0.2256450653076172, "passed": true}, "8": {"execution_time": 0.2312910556793213, "passed": true}, "9": {"execution_time": 0.22405505180358887, "passed": true}, "10": {"execution_time": 0.22388100624084473, "passed": true}, "11": {"execution_time": 0.2247180938720703, "passed": true}, "12": {"execution_time": 0.22569894790649414, "passed": true}, "13": {"execution_time": 0.23762893676757812, "passed": false}, "14": {"execution_time": 0.23064708709716797, "passed": true}, "15": {"execution_time": 0.2773439884185791, "passed": false}, "16": {"execution_time": 0.271165132522583, "passed": true}, "17": {"execution_time": 0.33219099044799805, "passed": true}, "18": {"execution_time": 0.33774900436401367, "passed": true}, "19": {"execution_time": 0.3304469585418701, "passed": true}, "20": {"execution_time": 0.3259572982788086, "passed": true}, "21": {"execution_time": 0.23379302024841309, "passed": true}, "22": {"execution_time": 0.6507830619812012, "passed": true}, "23": {"execution_time": 0.6263060569763184, "passed": true}}}, "check_style_score": "0/1"}