{"version": "1", "message": "ERROR: Hidden Testcases server unreachable.", "problem_id": "ads2_m2_a1_1", "user_id": "Gayatri-Prathyusha", "score": {"sample": {"0": {"execution_time": 0.34176206588745117, "passed": true}, "1": {"execution_time": 0.2435011863708496, "passed": true}, "2": {"execution_time": 0.2493901252746582, "passed": true}, "3": {"execution_time": 0.23918795585632324, "passed": true}, "4": {"execution_time": 0.2851216793060303, "passed": true}, "5": {"execution_time": 0.24657583236694336, "passed": true}, "6": {"execution_time": 0.24664902687072754, "passed": true}, "7": {"execution_time": 0.26024603843688965, "passed": true}, "8": {"execution_time": 0.2745819091796875, "passed": true}, "9": {"execution_time": 0.23676109313964844, "passed": true}, "10": {"execution_time": 0.23999500274658203, "passed": true}, "11": {"execution_time": 0.26822495460510254, "passed": true}, "12": {"execution_time": 0.23978018760681152, "passed": true}, "13": {"execution_time": 0.2602529525756836, "passed": true}, "14": {"execution_time": 0.24116301536560059, "passed": true}, "15": {"execution_time": 0.2960472106933594, "passed": true}, "16": {"execution_time": 0.2752408981323242, "passed": true}, "17": {"execution_time": 0.3102118968963623, "passed": true}, "18": {"execution_time": 0.28742194175720215, "passed": true}, "19": {"execution_time": 0.3105809688568115, "passed": true}, "20": {"execution_time": 0.31976795196533203, "passed": true}, "21": {"execution_time": 0.2590148448944092, "passed": true}, "22": {"execution_time": 0.4346747398376465, "passed": false}, "23": {"execution_time": 0.35196805000305176, "passed": true}}}, "check_style_score": "1/1"}