{"version": "1", "message": "ERROR: Hidden Testcases server unreachable.", "problem_id": "ads2_m2_a1_1", "user_id": "Gayatri-Prathyusha", "score": {"sample": {"0": {"execution_time": 0.28351283073425293, "passed": true}, "1": {"execution_time": 0.2662651538848877, "passed": true}, "2": {"execution_time": 0.26322293281555176, "passed": true}, "3": {"execution_time": 0.24753999710083008, "passed": true}, "4": {"execution_time": 0.24761724472045898, "passed": true}, "5": {"execution_time": 0.23308897018432617, "passed": true}, "6": {"execution_time": 0.254086971282959, "passed": true}, "7": {"execution_time": 0.269913911819458, "passed": true}, "8": {"execution_time": 0.2324390411376953, "passed": true}, "9": {"execution_time": 0.2309732437133789, "passed": true}, "10": {"execution_time": 0.23500728607177734, "passed": true}, "11": {"execution_time": 0.2413792610168457, "passed": true}, "12": {"execution_time": 0.2533149719238281, "passed": true}, "13": {"execution_time": 0.2363729476928711, "passed": true}, "14": {"execution_time": 0.2483229637145996, "passed": true}, "15": {"execution_time": 0.3042271137237549, "passed": true}, "16": {"execution_time": 0.3043391704559326, "passed": true}, "17": {"execution_time": 0.3311150074005127, "passed": true}, "18": {"execution_time": 0.29405999183654785, "passed": true}, "19": {"execution_time": 0.35010194778442383, "passed": true}, "20": {"execution_time": 0.35974717140197754, "passed": true}, "21": {"execution_time": 0.27336812019348145, "passed": true}, "22": {"execution_time": 0.3814866542816162, "passed": true}, "23": {"execution_time": 0.3900339603424072, "passed": true}}}, "check_style_score": "0/1"}