{"version": "1", "message": "ERROR: Hidden Testcases server unreachable.", "problem_id": "ads2_m2_a1_1", "user_id": "Gayatri-Prathyusha", "score": {"sample": {"0": {"execution_time": 0.26729702949523926, "passed": false}, "1": {"execution_time": 0.22952866554260254, "passed": false}, "2": {"execution_time": 0.22579622268676758, "passed": false}, "3": {"execution_time": 0.23170995712280273, "passed": false}, "4": {"execution_time": 0.26143383979797363, "passed": false}, "5": {"execution_time": 0.22843194007873535, "passed": false}, "6": {"execution_time": 0.23204922676086426, "passed": false}, "7": {"execution_time": 0.23734498023986816, "passed": false}, "8": {"execution_time": 0.23345303535461426, "passed": false}, "9": {"execution_time": 0.2687339782714844, "passed": false}, "10": {"execution_time": 0.266420841217041, "passed": false}, "11": {"execution_time": 0.26415324211120605, "passed": false}, "12": {"execution_time": 0.24499201774597168, "passed": false}, "13": {"execution_time": 0.24542784690856934, "passed": false}, "14": {"execution_time": 0.23653197288513184, "passed": false}, "15": {"execution_time": 0.2524600028991699, "passed": false}, "16": {"execution_time": 0.24153923988342285, "passed": false}, "17": {"execution_time": 0.30456018447875977, "passed": false}, "18": {"execution_time": 0.28690218925476074, "passed": false}, "19": {"execution_time": 0.30218982696533203, "passed": false}, "20": {"execution_time": 0.3204159736633301, "passed": false}, "21": {"execution_time": 0.23496079444885254, "passed": false}, "22": {"execution_time": 0.3320488929748535, "passed": false}, "23": {"execution_time": 0.3401942253112793, "passed": false}}}, "check_style_score": "0/1"}