{"version": "1", "message": "ERROR: Hidden Testcases server unreachable.", "problem_id": "ads2_m2_a1_1", "user_id": "Gayatri-Prathyusha", "score": {"sample": {"0": {"execution_time": 0.2712409496307373, "passed": false}, "1": {"execution_time": 0.2516019344329834, "passed": false}, "2": {"execution_time": 0.22980403900146484, "passed": false}, "3": {"execution_time": 0.22942399978637695, "passed": false}, "4": {"execution_time": 0.23778295516967773, "passed": false}, "5": {"execution_time": 0.2281961441040039, "passed": false}, "6": {"execution_time": 0.2331383228302002, "passed": false}, "7": {"execution_time": 0.23358416557312012, "passed": false}, "8": {"execution_time": 0.2346968650817871, "passed": false}, "9": {"execution_time": 0.23178720474243164, "passed": false}, "10": {"execution_time": 0.23003888130187988, "passed": false}, "11": {"execution_time": 0.22916698455810547, "passed": false}, "12": {"execution_time": 0.23497223854064941, "passed": false}, "13": {"execution_time": 0.23881173133850098, "passed": false}, "14": {"execution_time": 0.23180413246154785, "passed": false}, "15": {"execution_time": 0.257061243057251, "passed": false}, "16": {"execution_time": 0.2754218578338623, "passed": false}, "17": {"execution_time": 0.3190748691558838, "passed": false}, "18": {"execution_time": 0.2864539623260498, "passed": false}, "19": {"execution_time": 0.31400012969970703, "passed": false}, "20": {"execution_time": 0.3210763931274414, "passed": false}, "21": {"execution_time": 0.2392261028289795, "passed": false}, "22": {"execution_time": 0.36048102378845215, "passed": false}, "23": {"execution_time": 0.3507869243621826, "passed": false}}}, "check_style_score": "0/1"}