{"version": "1", "message": "ERROR: Hidden Testcases server unreachable.", "problem_id": "ads2_m2_a1_1", "user_id": "Gayatri-Prathyusha", "score": {"sample": {"0": {"execution_time": 0.2765340805053711, "passed": false}, "1": {"execution_time": 0.22821903228759766, "passed": false}, "2": {"execution_time": 0.2891690731048584, "passed": false}, "3": {"execution_time": 0.28014183044433594, "passed": false}, "4": {"execution_time": 0.33035802841186523, "passed": false}, "5": {"execution_time": 0.24004197120666504, "passed": false}, "6": {"execution_time": 0.2413771152496338, "passed": false}, "7": {"execution_time": 0.2335059642791748, "passed": false}, "8": {"execution_time": 0.2507791519165039, "passed": false}, "9": {"execution_time": 0.2291860580444336, "passed": false}, "10": {"execution_time": 0.2439897060394287, "passed": false}, "11": {"execution_time": 0.2624242305755615, "passed": false}, "12": {"execution_time": 0.24982500076293945, "passed": false}, "13": {"execution_time": 0.23304176330566406, "passed": false}, "14": {"execution_time": 0.23623991012573242, "passed": false}, "15": {"execution_time": 0.2821650505065918, "passed": false}, "16": {"execution_time": 0.26165294647216797, "passed": false}, "17": {"execution_time": 0.4005701541900635, "passed": false}, "18": {"execution_time": 0.39381885528564453, "passed": false}, "19": {"execution_time": 0.3509790897369385, "passed": false}, "20": {"execution_time": 0.34301090240478516, "passed": false}, "21": {"execution_time": 0.24347209930419922, "passed": false}, "22": {"execution_time": 0.6692368984222412, "passed": false}, "23": {"execution_time": 0.6647031307220459, "passed": false}}}, "check_style_score": "0/1"}