{"version": "1", "message": "ERROR: Hidden Testcases server unreachable.", "problem_id": "ads2_m2_a1_1", "user_id": "Gayatri-Prathyusha", "score": {"sample": {"0": {"execution_time": 0.3009610176086426, "passed": true}, "1": {"execution_time": 0.24325299263000488, "passed": true}, "2": {"execution_time": 0.2291431427001953, "passed": false}, "3": {"execution_time": 0.23016905784606934, "passed": true}, "4": {"execution_time": 0.2316141128540039, "passed": false}, "5": {"execution_time": 0.22929620742797852, "passed": true}, "6": {"execution_time": 0.23546814918518066, "passed": false}, "7": {"execution_time": 0.2323620319366455, "passed": false}, "8": {"execution_time": 0.25232672691345215, "passed": false}, "9": {"execution_time": 0.23103809356689453, "passed": false}, "10": {"execution_time": 0.22865891456604004, "passed": false}, "11": {"execution_time": 0.23230695724487305, "passed": false}, "12": {"execution_time": 0.24741506576538086, "passed": false}, "13": {"execution_time": 0.22914719581604004, "passed": true}, "14": {"execution_time": 0.2373051643371582, "passed": false}, "15": {"execution_time": 0.25534701347351074, "passed": true}, "16": {"execution_time": 0.3034818172454834, "passed": false}, "17": {"execution_time": 0.3047909736633301, "passed": false}, "18": {"execution_time": 0.27809882164001465, "passed": false}, "19": {"execution_time": 0.2991178035736084, "passed": false}, "20": {"execution_time": 0.3120870590209961, "passed": false}, "21": {"execution_time": 0.23323965072631836, "passed": false}, "22": {"execution_time": 0.37227606773376465, "passed": false}, "23": {"execution_time": 0.344573974609375, "passed": false}}}, "check_style_score": "0/1"}