{"version": "1", "message": "ERROR: Hidden Testcases server unreachable.", "problem_id": "ads2_m2_a1_1", "user_id": "Gayatri-Prathyusha", "score": {"sample": {"0": {"execution_time": 0.31951308250427246, "passed": true}, "1": {"execution_time": 0.24147891998291016, "passed": true}, "2": {"execution_time": 0.2681400775909424, "passed": false}, "3": {"execution_time": 0.2322371006011963, "passed": true}, "4": {"execution_time": 0.22888684272766113, "passed": false}, "5": {"execution_time": 0.2273998260498047, "passed": true}, "6": {"execution_time": 0.22427582740783691, "passed": false}, "7": {"execution_time": 0.23505091667175293, "passed": false}, "8": {"execution_time": 0.22649288177490234, "passed": false}, "9": {"execution_time": 0.2386469841003418, "passed": false}, "10": {"execution_time": 0.23535490036010742, "passed": false}, "11": {"execution_time": 0.22855806350708008, "passed": false}, "12": {"execution_time": 0.22635698318481445, "passed": false}, "13": {"execution_time": 0.23401594161987305, "passed": true}, "14": {"execution_time": 0.2437448501586914, "passed": false}, "15": {"execution_time": 0.2776370048522949, "passed": true}, "16": {"execution_time": 0.2821938991546631, "passed": false}, "17": {"execution_time": 0.3439669609069824, "passed": false}, "18": {"execution_time": 0.3277740478515625, "passed": false}, "19": {"execution_time": 0.3085670471191406, "passed": false}, "20": {"execution_time": 0.3279287815093994, "passed": false}, "21": {"execution_time": 0.2536299228668213, "passed": false}, "22": {"execution_time": 0.3763880729675293, "passed": false}, "23": {"execution_time": 0.4227719306945801, "passed": false}}}, "check_style_score": "0/1"}