{"version": "1", "message": "ERROR: Hidden Testcases server unreachable.", "problem_id": "ads2_m2_a1_1", "user_id": "Gayatri-Prathyusha", "score": {"sample": {"0": {"execution_time": 0.2654550075531006, "passed": true}, "1": {"execution_time": 0.23150396347045898, "passed": true}, "2": {"execution_time": 0.2676401138305664, "passed": false}, "3": {"execution_time": 0.2396101951599121, "passed": true}, "4": {"execution_time": 0.23002862930297852, "passed": false}, "5": {"execution_time": 0.24091386795043945, "passed": true}, "6": {"execution_time": 0.22823500633239746, "passed": false}, "7": {"execution_time": 0.22810602188110352, "passed": false}, "8": {"execution_time": 0.23000693321228027, "passed": false}, "9": {"execution_time": 0.2286069393157959, "passed": false}, "10": {"execution_time": 0.2283320426940918, "passed": false}, "11": {"execution_time": 0.23461413383483887, "passed": false}, "12": {"execution_time": 0.23158717155456543, "passed": false}, "13": {"execution_time": 0.2396838665008545, "passed": true}, "14": {"execution_time": 0.2558450698852539, "passed": false}, "15": {"execution_time": 0.28318214416503906, "passed": true}, "16": {"execution_time": 0.26563596725463867, "passed": false}, "17": {"execution_time": 0.3294820785522461, "passed": false}, "18": {"execution_time": 0.30150413513183594, "passed": false}, "19": {"execution_time": 0.3036668300628662, "passed": false}, "20": {"execution_time": 0.31455397605895996, "passed": false}, "21": {"execution_time": 0.23457980155944824, "passed": false}, "22": {"execution_time": 0.3380870819091797, "passed": false}, "23": {"execution_time": 0.337587833404541, "passed": false}}}, "check_style_score": "0/1"}