{"version": "1", "message": "ERROR: Hidden Testcases server unreachable.", "problem_id": "ads2_m2_a1_1", "user_id": "Gayatri-Prathyusha", "score": {"sample": {"0": {"execution_time": 0.2777130603790283, "passed": false}, "1": {"execution_time": 0.23766613006591797, "passed": false}, "2": {"execution_time": 0.23258590698242188, "passed": false}, "3": {"execution_time": 0.22577309608459473, "passed": false}, "4": {"execution_time": 0.23781299591064453, "passed": false}, "5": {"execution_time": 0.23047208786010742, "passed": false}, "6": {"execution_time": 0.2240281105041504, "passed": false}, "7": {"execution_time": 0.2277829647064209, "passed": false}, "8": {"execution_time": 0.22853684425354004, "passed": false}, "9": {"execution_time": 0.24176287651062012, "passed": false}, "10": {"execution_time": 0.22388911247253418, "passed": false}, "11": {"execution_time": 0.23003816604614258, "passed": false}, "12": {"execution_time": 0.23223114013671875, "passed": false}, "13": {"execution_time": 0.2671983242034912, "passed": false}, "14": {"execution_time": 0.22934794425964355, "passed": false}, "15": {"execution_time": 0.24902701377868652, "passed": false}, "16": {"execution_time": 0.23607802391052246, "passed": false}, "17": {"execution_time": 0.23059701919555664, "passed": false}, "18": {"execution_time": 0.26207613945007324, "passed": false}, "19": {"execution_time": 0.22594308853149414, "passed": false}, "20": {"execution_time": 0.22946667671203613, "passed": false}, "21": {"execution_time": 0.22617602348327637, "passed": false}, "22": {"execution_time": 0.22591733932495117, "passed": false}, "23": {"execution_time": 0.22905778884887695, "passed": false}}}, "check_style_score": "0/1"}