{"version": "1", "message": "ERROR: Hidden Testcases server unreachable.", "problem_id": "ads2_m4_a1_1", "user_id": "Gayatri-Prathyusha", "score": {"sample": {"0": {"execution_time": 0.3489820957183838, "passed": true}, "1": {"execution_time": 0.23874521255493164, "passed": false}, "2": {"execution_time": 0.22958111763000488, "passed": false}, "3": {"execution_time": 0.23899602890014648, "passed": false}, "4": {"execution_time": 0.2399301528930664, "passed": false}, "5": {"execution_time": 0.23171377182006836, "passed": false}, "6": {"execution_time": 0.22614312171936035, "passed": false}, "7": {"execution_time": 0.22800898551940918, "passed": false}, "8": {"execution_time": 0.3209207057952881, "passed": true}, "9": {"execution_time": 0.28679919242858887, "passed": true}, "10": {"execution_time": 0.2666490077972412, "passed": true}, "11": {"execution_time": 0.2320389747619629, "passed": true}, "12": {"execution_time": 0.2277212142944336, "passed": true}, "13": {"execution_time": 0.2253561019897461, "passed": false}, "14": {"execution_time": 0.25925207138061523, "passed": true}}}, "check_style_score": "0/1"}