{"version": "1", "message": "ERROR: Hidden Testcases server unreachable.", "problem_id": "ads2_m4_a1_1", "user_id": "Gayatri-Prathyusha", "score": {"sample": {"0": {"execution_time": 0.4948458671569824, "passed": true}, "1": {"execution_time": 0.23285722732543945, "passed": false}, "2": {"execution_time": 0.2714860439300537, "passed": false}, "3": {"execution_time": 0.24755311012268066, "passed": false}, "4": {"execution_time": 0.23701190948486328, "passed": false}, "5": {"execution_time": 0.23018980026245117, "passed": false}, "6": {"execution_time": 0.2503988742828369, "passed": false}, "7": {"execution_time": 0.24206304550170898, "passed": false}, "8": {"execution_time": 0.33076000213623047, "passed": true}, "9": {"execution_time": 0.27835798263549805, "passed": true}, "10": {"execution_time": 0.2706947326660156, "passed": true}, "11": {"execution_time": 0.24570107460021973, "passed": true}, "12": {"execution_time": 0.23929905891418457, "passed": true}, "13": {"execution_time": 0.22865033149719238, "passed": false}, "14": {"execution_time": 0.2750508785247803, "passed": true}}}, "check_style_score": "0/1"}