{"version": "1", "message": "ERROR: Hidden Testcases server unreachable.", "problem_id": "ads2_m4_a1_1", "user_id": "Gayatri-Prathyusha", "score": {"sample": {"0": {"execution_time": 0.345430850982666, "passed": true}, "1": {"execution_time": 0.35019993782043457, "passed": true}, "2": {"execution_time": 0.4096338748931885, "passed": true}, "3": {"execution_time": 0.41773486137390137, "passed": true}, "4": {"execution_time": 0.2954690456390381, "passed": true}, "5": {"execution_time": 0.33272695541381836, "passed": true}, "6": {"execution_time": 0.3005070686340332, "passed": true}, "7": {"execution_time": 0.3045969009399414, "passed": true}, "8": {"execution_time": 0.33349013328552246, "passed": true}, "9": {"execution_time": 0.27364182472229004, "passed": true}, "10": {"execution_time": 0.2718169689178467, "passed": true}, "11": {"execution_time": 0.3634450435638428, "passed": true}, "12": {"execution_time": 0.29322195053100586, "passed": true}, "13": {"execution_time": 1.921818733215332, "passed": true}, "14": {"execution_time": 0.28266215324401855, "passed": true}}}, "check_style_score": "1/1"}