{"version": "1", "message": "ERROR: Hidden Testcases server unreachable.", "problem_id": "ads2_m4_a1_1", "user_id": "KusumaNavya", "score": {"sample": {"0": {"execution_time": 0.32507991790771484, "passed": true}, "1": {"execution_time": 0.2708468437194824, "passed": true}, "2": {"execution_time": 0.3016524314880371, "passed": true}, "3": {"execution_time": 0.4009988307952881, "passed": true}, "4": {"execution_time": 0.35237908363342285, "passed": true}, "5": {"execution_time": 0.3504478931427002, "passed": true}, "6": {"execution_time": 0.4250485897064209, "passed": true}, "7": {"execution_time": 0.30797791481018066, "passed": true}, "8": {"execution_time": 0.3992772102355957, "passed": true}, "9": {"execution_time": 0.3828396797180176, "passed": true}, "10": {"execution_time": 0.4253530502319336, "passed": true}, "11": {"execution_time": 0.26111793518066406, "passed": true}, "12": {"execution_time": 0.3492469787597656, "passed": true}, "13": {"execution_time": 1.1598491668701172, "passed": true}, "14": {"execution_time": 0.2932760715484619, "passed": true}}}, "check_style_score": "1/1"}