{"version": "1", "message": "ERROR: Hidden Testcases server unreachable.", "problem_id": "ads2_m4_a1_1", "user_id": "Gayatri-Prathyusha", "score": {"sample": {"0": {"execution_time": 0.44452404975891113, "passed": true}, "1": {"execution_time": 0.2521488666534424, "passed": false}, "2": {"execution_time": 0.23288607597351074, "passed": false}, "3": {"execution_time": 0.2362351417541504, "passed": false}, "4": {"execution_time": 0.2431812286376953, "passed": false}, "5": {"execution_time": 0.23960399627685547, "passed": false}, "6": {"execution_time": 0.23543596267700195, "passed": false}, "7": {"execution_time": 0.23903584480285645, "passed": false}, "8": {"execution_time": 0.32808995246887207, "passed": true}, "9": {"execution_time": 0.2756469249725342, "passed": true}, "10": {"execution_time": 0.266071081161499, "passed": true}, "11": {"execution_time": 0.23600316047668457, "passed": true}, "12": {"execution_time": 0.24001812934875488, "passed": true}, "13": {"execution_time": 0.23833894729614258, "passed": false}, "14": {"execution_time": 0.2837188243865967, "passed": true}}}, "check_style_score": "0/1"}