{"version": "1", "message": "ERROR: Hidden Testcases server unreachable.", "problem_id": "ads2_m4_a1_1", "user_id": "Gayatri-Prathyusha", "score": {"sample": {"0": {"execution_time": 0.339108943939209, "passed": false}, "1": {"execution_time": 0.25920605659484863, "passed": false}, "2": {"execution_time": 0.26075005531311035, "passed": false}, "3": {"execution_time": 0.26737380027770996, "passed": false}, "4": {"execution_time": 0.28844499588012695, "passed": true}, "5": {"execution_time": 0.305051326751709, "passed": true}, "6": {"execution_time": 0.2934837341308594, "passed": true}, "7": {"execution_time": 0.4356961250305176, "passed": true}, "8": {"execution_time": 0.3224010467529297, "passed": false}, "9": {"execution_time": 0.33113813400268555, "passed": true}, "10": {"execution_time": 0.264801025390625, "passed": true}, "11": {"execution_time": 0.4685852527618408, "passed": true}, "12": {"execution_time": 0.2732079029083252, "passed": true}, "13": {"execution_time": 0.26619887351989746, "passed": false}, "14": {"execution_time": 0.26854491233825684, "passed": true}}}, "check_style_score": "0/1"}