{"version": "1", "message": "ERROR: Hidden Testcases server unreachable.", "problem_id": "ads2_m4_a1_1", "user_id": "Gayatri-Prathyusha", "score": {"sample": {"0": {"execution_time": 0.3433961868286133, "passed": false}, "1": {"execution_time": 0.27320384979248047, "passed": false}, "2": {"execution_time": 0.26989126205444336, "passed": false}, "3": {"execution_time": 0.26215076446533203, "passed": false}, "4": {"execution_time": 0.2964339256286621, "passed": true}, "5": {"execution_time": 0.30614137649536133, "passed": true}, "6": {"execution_time": 0.30112123489379883, "passed": true}, "7": {"execution_time": 0.28553080558776855, "passed": true}, "8": {"execution_time": 0.27378201484680176, "passed": false}, "9": {"execution_time": 0.282822847366333, "passed": true}, "10": {"execution_time": 0.2628188133239746, "passed": true}, "11": {"execution_time": 0.26335620880126953, "passed": true}, "12": {"execution_time": 0.2821922302246094, "passed": true}, "13": {"execution_time": 0.2678358554840088, "passed": false}, "14": {"execution_time": 0.27044677734375, "passed": false}}}, "check_style_score": "0/1"}