{"version": "1", "message": "ERROR: Hidden Testcases server unreachable.", "problem_id": "ads2_m4_a1_1", "user_id": "Gayatri-Prathyusha", "score": {"sample": {"0": {"execution_time": 0.3319990634918213, "passed": false}, "1": {"execution_time": 0.2720639705657959, "passed": false}, "2": {"execution_time": 0.2640960216522217, "passed": false}, "3": {"execution_time": 0.2725250720977783, "passed": false}, "4": {"execution_time": 0.3327291011810303, "passed": true}, "5": {"execution_time": 0.30895185470581055, "passed": true}, "6": {"execution_time": 0.2930731773376465, "passed": true}, "7": {"execution_time": 0.30664992332458496, "passed": true}, "8": {"execution_time": 0.2748396396636963, "passed": false}, "9": {"execution_time": 0.26605796813964844, "passed": true}, "10": {"execution_time": 0.27112412452697754, "passed": true}, "11": {"execution_time": 0.27535104751586914, "passed": true}, "12": {"execution_time": 0.26985692977905273, "passed": true}, "13": {"execution_time": 0.2723658084869385, "passed": false}, "14": {"execution_time": 0.2621321678161621, "passed": false}}}, "check_style_score": "0/1"}