{"version": "1", "message": "ERROR: Hidden Testcases server unreachable.", "problem_id": "ads2_m4_a1_1", "user_id": "Gayatri-Prathyusha", "score": {"sample": {"0": {"execution_time": 0.3599710464477539, "passed": false}, "1": {"execution_time": 0.31035923957824707, "passed": false}, "2": {"execution_time": 0.29108691215515137, "passed": false}, "3": {"execution_time": 0.30582118034362793, "passed": false}, "4": {"execution_time": 0.3417799472808838, "passed": true}, "5": {"execution_time": 0.34294867515563965, "passed": true}, "6": {"execution_time": 0.36419677734375, "passed": true}, "7": {"execution_time": 0.36272597312927246, "passed": true}, "8": {"execution_time": 0.29474925994873047, "passed": false}, "9": {"execution_time": 0.29523372650146484, "passed": true}, "10": {"execution_time": 0.28414416313171387, "passed": true}, "11": {"execution_time": 0.2840292453765869, "passed": true}, "12": {"execution_time": 0.29157304763793945, "passed": true}, "13": {"execution_time": 0.2804250717163086, "passed": false}, "14": {"execution_time": 0.28069090843200684, "passed": true}}}, "check_style_score": "0/1"}