{"version": "1", "message": "ERROR: Hidden Testcases server unreachable.", "problem_id": "ads2_m4_a1_1", "user_id": "Gayatri-Prathyusha", "score": {"sample": {"0": {"execution_time": 0.3812999725341797, "passed": true}, "1": {"execution_time": 0.2725188732147217, "passed": false}, "2": {"execution_time": 0.256152868270874, "passed": false}, "3": {"execution_time": 0.2609260082244873, "passed": false}, "4": {"execution_time": 0.3004462718963623, "passed": true}, "5": {"execution_time": 0.31325483322143555, "passed": true}, "6": {"execution_time": 0.3022890090942383, "passed": true}, "7": {"execution_time": 0.30693602561950684, "passed": true}, "8": {"execution_time": 0.3149688243865967, "passed": true}, "9": {"execution_time": 0.27005577087402344, "passed": true}, "10": {"execution_time": 0.26842474937438965, "passed": true}, "11": {"execution_time": 0.2697432041168213, "passed": true}, "12": {"execution_time": 0.30202221870422363, "passed": true}, "13": {"execution_time": 0.2665138244628906, "passed": false}, "14": {"execution_time": 0.26511502265930176, "passed": true}}}, "check_style_score": "0/1"}