{"version": "1", "message": "ERROR: Hidden Testcases server unreachable.", "problem_id": "ads2_m4_a1_1", "user_id": "Gayatri-Prathyusha", "score": {"sample": {"0": {"execution_time": 0.2762749195098877, "passed": false}, "1": {"execution_time": 0.2505810260772705, "passed": false}, "2": {"execution_time": 0.21581315994262695, "passed": false}, "3": {"execution_time": 0.21244001388549805, "passed": false}, "4": {"execution_time": 0.21157002449035645, "passed": false}, "5": {"execution_time": 0.24390387535095215, "passed": false}, "6": {"execution_time": 0.21129393577575684, "passed": false}, "7": {"execution_time": 0.22567009925842285, "passed": false}, "8": {"execution_time": 0.21642208099365234, "passed": false}, "9": {"execution_time": 0.20807099342346191, "passed": false}, "10": {"execution_time": 0.2101280689239502, "passed": false}, "11": {"execution_time": 0.20974278450012207, "passed": false}, "12": {"execution_time": 0.22473597526550293, "passed": false}, "13": {"execution_time": 0.34609103202819824, "passed": false}, "14": {"execution_time": 0.23974108695983887, "passed": false}}}, "check_style_score": "1/1"}