{"version": "1", "message": "ERROR: Hidden Testcases server unreachable.", "problem_id": "ads2_m4_a1_1", "user_id": "Gayatri-Prathyusha", "score": {"sample": {"0": {"execution_time": 0.3860597610473633, "passed": true}, "1": {"execution_time": 0.2653319835662842, "passed": false}, "2": {"execution_time": 0.23517489433288574, "passed": false}, "3": {"execution_time": 0.22649908065795898, "passed": false}, "4": {"execution_time": 0.22901582717895508, "passed": false}, "5": {"execution_time": 0.22410798072814941, "passed": false}, "6": {"execution_time": 0.2221381664276123, "passed": false}, "7": {"execution_time": 0.24626493453979492, "passed": false}, "8": {"execution_time": 0.3216118812561035, "passed": true}, "9": {"execution_time": 0.2978208065032959, "passed": true}, "10": {"execution_time": 0.255169153213501, "passed": true}, "11": {"execution_time": 0.25034070014953613, "passed": true}, "12": {"execution_time": 0.2249460220336914, "passed": true}, "13": {"execution_time": 0.26036500930786133, "passed": false}, "14": {"execution_time": 0.25766897201538086, "passed": true}}}, "check_style_score": "0/1"}