{"version": "1", "message": "ERROR: Hidden Testcases server unreachable.", "problem_id": "ads2_m6_a1_1", "user_id": "Gayatri-Prathyusha", "score": {"sample": {"0": {"execution_time": 0.3962826728820801, "passed": false}, "1": {"execution_time": 0.3602108955383301, "passed": false}, "2": {"execution_time": 0.36608004570007324, "passed": false}, "3": {"execution_time": 0.3483109474182129, "passed": false}, "4": {"execution_time": 0.36612582206726074, "passed": false}, "5": {"execution_time": 0.3744771480560303, "passed": false}, "6": {"execution_time": 0.44661474227905273, "passed": true}, "7": {"execution_time": 0.3387489318847656, "passed": false}, "8": {"execution_time": 0.3370850086212158, "passed": false}, "9": {"execution_time": 0.326444149017334, "passed": false}, "10": {"execution_time": 0.37520623207092285, "passed": true}, "11": {"execution_time": 0.34131717681884766, "passed": false}}}, "check_style_score": "0/1"}