{"version": "1", "message": "ERROR: Hidden Testcases server unreachable.", "problem_id": "ads2_m6_a1_1", "user_id": "Gayatri-Prathyusha", "score": {"sample": {"0": {"execution_time": 0.3453807830810547, "passed": false}, "1": {"execution_time": 0.3803281784057617, "passed": false}, "2": {"execution_time": 0.3947939872741699, "passed": false}, "3": {"execution_time": 0.3623790740966797, "passed": false}, "4": {"execution_time": 0.36979103088378906, "passed": false}, "5": {"execution_time": 0.3319370746612549, "passed": false}, "6": {"execution_time": 0.39101099967956543, "passed": true}, "7": {"execution_time": 0.38697099685668945, "passed": false}, "8": {"execution_time": 0.4449341297149658, "passed": false}, "9": {"execution_time": 0.35335779190063477, "passed": false}, "10": {"execution_time": 0.3372769355773926, "passed": true}, "11": {"execution_time": 0.3271751403808594, "passed": false}}}, "check_style_score": "0/1"}