{"version": "1", "message": "ERROR: Hidden Testcases server unreachable.", "problem_id": "ads2_m6_a1_1", "user_id": "Gayatri-Prathyusha", "score": {"sample": {"0": {"execution_time": 0.3422703742980957, "passed": false}, "1": {"execution_time": 0.33905625343322754, "passed": false}, "2": {"execution_time": 0.333981990814209, "passed": false}, "3": {"execution_time": 0.3569211959838867, "passed": false}, "4": {"execution_time": 0.324617862701416, "passed": false}, "5": {"execution_time": 0.3546419143676758, "passed": false}, "6": {"execution_time": 0.34478092193603516, "passed": false}, "7": {"execution_time": 0.3515810966491699, "passed": false}, "8": {"execution_time": 0.36583709716796875, "passed": false}, "9": {"execution_time": 0.33559608459472656, "passed": false}, "10": {"execution_time": 0.3288111686706543, "passed": false}, "11": {"execution_time": 0.33777904510498047, "passed": false}}}, "check_style_score": "0/1"}