{"version": "1", "message": "ERROR: Hidden Testcases server unreachable.", "problem_id": "ads2_m6_a1_1", "user_id": "Gayatri-Prathyusha", "score": {"sample": {"0": {"execution_time": 0.37546586990356445, "passed": false}, "1": {"execution_time": 0.3424339294433594, "passed": false}, "2": {"execution_time": 0.33632898330688477, "passed": false}, "3": {"execution_time": 0.3370811939239502, "passed": false}, "4": {"execution_time": 0.35744619369506836, "passed": false}, "5": {"execution_time": 0.3562030792236328, "passed": false}, "6": {"execution_time": 0.33989715576171875, "passed": true}, "7": {"execution_time": 0.5357668399810791, "passed": false}, "8": {"execution_time": 0.7016971111297607, "passed": false}, "9": {"execution_time": 0.5365629196166992, "passed": false}, "10": {"execution_time": 0.3672821521759033, "passed": true}, "11": {"execution_time": 0.47342491149902344, "passed": false}}}, "check_style_score": "0/1"}